names,grades
frame_3284.jpg,6c
frame_1493.jpg,5a
frame_0955.jpg,7b
frame_2824.jpg,4c
frame_2830.jpg,7a+
frame_4299.jpg,5c
frame_1487.jpg,6b
frame_0941.jpg,6c+
frame_0799.jpg,6b
frame_3290.jpg,5b
frame_0969.jpg,7a+
frame_2818.jpg,7c+
frame_1450.jpg,5a
frame_0996.jpg,8c
frame_2159.jpg,8a
frame_3247.jpg,7b
frame_4528.jpg,7c
frame_3521.jpg,6c
frame_1336.jpg,7a+
frame_0028.jpg,6c
frame_1322.jpg,7a+
frame_3535.jpg,6c+
frame_3253.jpg,7a+
frame_1444.jpg,6c+
frame_0982.jpg,7c+
frame_2165.jpg,6b
frame_4514.jpg,6c+
frame_0772.jpg,6c+
frame_0014.jpg,6b+
frame_4272.jpg,5b
frame_2603.jpg,7b
frame_4266.jpg,6b
frame_3509.jpg,7a+
frame_2617.jpg,6b+
frame_0000.jpg,6a
frame_0766.jpg,7c
frame_1478.jpg,5b
frame_2171.jpg,7b
frame_4500.jpg,6c
frame_3938.jpg,7a
frame_1849.jpg,4a
frame_1691.jpg,6b
frame_2398.jpg,8a
frame_3086.jpg,7a+
frame_3092.jpg,5a
frame_1685.jpg,5c
frame_3904.jpg,7a
frame_1875.jpg,6a+
frame_1861.jpg,6c+
frame_3910.jpg,6c
frame_1134.jpg,4a
frame_3723.jpg,6b
frame_3045.jpg,7a
frame_1652.jpg,6c+
frame_1646.jpg,4b
frame_0558.jpg,7a
frame_3051.jpg,7a
frame_2429.jpg,6b
frame_3737.jpg,7a
frame_4058.jpg,6a
frame_1120.jpg,7a+
frame_2401.jpg,7c
frame_4070.jpg,6b+
frame_0216.jpg,5b
frame_1108.jpg,5a
frame_0570.jpg,5c
frame_4716.jpg,6a
frame_3079.jpg,6a+
frame_2367.jpg,7a
frame_4702.jpg,6b
frame_2373.jpg,6b
frame_0564.jpg,6b
frame_0202.jpg,6c
frame_2415.jpg,5c
frame_4064.jpg,6a
frame_3694.jpg,6c+
frame_1083.jpg,7a
frame_4689.jpg,5c
frame_1929.jpg,4c
frame_0389.jpg,4a
frame_1097.jpg,6a+
frame_3858.jpg,7b
frame_3680.jpg,7a
frame_3870.jpg,7a
frame_1901.jpg,6b
frame_1915.jpg,6c
frame_3864.jpg,6a
frame_1040.jpg,6b+
frame_4138.jpg,6a
frame_3657.jpg,4b
frame_2549.jpg,6b
frame_3131.jpg,6c
frame_0438.jpg,7b+
frame_1726.jpg,6b
frame_1732.jpg,5b
frame_3125.jpg,6c
frame_3643.jpg,6c+
frame_1054.jpg,6a
frame_4104.jpg,7b
frame_2575.jpg,5b
frame_0362.jpg,4c
frame_0404.jpg,6b+
frame_2213.jpg,7b
frame_4662.jpg,6a
frame_2207.jpg,7c
frame_3119.jpg,7a
frame_4676.jpg,7a+
frame_0410.jpg,7b
frame_1068.jpg,7b
frame_0376.jpg,6c+
frame_4110.jpg,7b
frame_2561.jpg,7a
frame_0821.jpg,6c
frame_1281.jpg,5c
frame_3496.jpg,6c
frame_2950.jpg,4b
frame_2788.jpg,6b+
frame_3482.jpg,6b
frame_2944.jpg,6b+
frame_1295.jpg,6a
frame_0835.jpg,5a
frame_2978.jpg,6c+
frame_0809.jpg,7b
frame_1524.jpg,4a
frame_3333.jpg,7c
frame_3455.jpg,6b
frame_2993.jpg,7a
frame_1242.jpg,6c
frame_0148.jpg,7c
frame_1256.jpg,6a+
frame_3441.jpg,5b
frame_2987.jpg,6c
frame_4448.jpg,6b+
frame_3327.jpg,4b
frame_2039.jpg,6b
frame_1530.jpg,6c
frame_4460.jpg,6b
frame_2011.jpg,7b
frame_1518.jpg,7b
frame_0606.jpg,7b+
frame_0160.jpg,6a+
frame_2777.jpg,7a
frame_3469.jpg,8c
frame_4306.jpg,6a
frame_2763.jpg,6a
frame_4312.jpg,6b
frame_0174.jpg,6a+
frame_0612.jpg,5c
frame_4474.jpg,6c
frame_2005.jpg,6c
frame_0175.jpg,6c+
frame_4313.jpg,7b+
frame_2762.jpg,7a
frame_2004.jpg,6c+
frame_4475.jpg,6a+
frame_0613.jpg,6a
frame_0607.jpg,6c
frame_1519.jpg,6b
frame_2010.jpg,7b
frame_4461.jpg,7a+
frame_4307.jpg,4a
frame_3468.jpg,7a+
frame_2776.jpg,7b
frame_0161.jpg,6a
frame_2986.jpg,6b
frame_3440.jpg,6c+
frame_1257.jpg,6b+
frame_0149.jpg,7a
frame_1531.jpg,7c
frame_2038.jpg,7a+
frame_3326.jpg,4b
frame_4449.jpg,6a
frame_3332.jpg,8b
frame_1525.jpg,7a+
frame_1243.jpg,7a
frame_2992.jpg,7b+
frame_3454.jpg,7c
frame_2979.jpg,6b
frame_0808.jpg,6a+
frame_1294.jpg,6b
frame_2945.jpg,6b+
frame_3483.jpg,6c
frame_0834.jpg,7b
frame_0820.jpg,6c
frame_2789.jpg,6b
frame_2951.jpg,6c
frame_3497.jpg,6b
frame_1280.jpg,4a
frame_0411.jpg,8c
frame_4677.jpg,5b
frame_3118.jpg,6a
frame_2206.jpg,5b
frame_2560.jpg,6a
frame_4111.jpg,6c+
frame_0377.jpg,5c
frame_1069.jpg,7a+
frame_0363.jpg,5c
frame_2574.jpg,7a
frame_4105.jpg,6c
frame_4663.jpg,7a
frame_2212.jpg,7a+
frame_0405.jpg,7a+
frame_3124.jpg,4b
frame_1733.jpg,4b
frame_1055.jpg,6c+
frame_3642.jpg,7a
frame_2548.jpg,5b
frame_3656.jpg,7b
frame_4139.jpg,6c
frame_1041.jpg,5b
frame_1727.jpg,8a
frame_0439.jpg,6a
frame_3130.jpg,6c
frame_1914.jpg,7a+
frame_3865.jpg,7b
frame_3871.jpg,6a+
frame_1900.jpg,6a+
frame_1928.jpg,6b
frame_4688.jpg,7a+
frame_3681.jpg,6c
frame_3859.jpg,6a
frame_1096.jpg,4c
frame_0388.jpg,7a+
frame_1082.jpg,5c
frame_3695.jpg,6a
frame_0565.jpg,7c
frame_2372.jpg,4b
frame_4703.jpg,7c
frame_4065.jpg,4b
frame_2414.jpg,7a
frame_0203.jpg,6b+
frame_1109.jpg,5b
frame_0217.jpg,6a
frame_4071.jpg,6b
frame_2400.jpg,4b
frame_2366.jpg,7c
frame_3078.jpg,6b
frame_4717.jpg,6b
frame_0571.jpg,6b+
frame_3050.jpg,5a
frame_0559.jpg,4a
frame_1647.jpg,7a
frame_1121.jpg,7c
frame_4059.jpg,6b
frame_3736.jpg,7b
frame_2428.jpg,8a
frame_3722.jpg,7a
frame_1135.jpg,8b
frame_1653.jpg,7a+
frame_3044.jpg,7a+
frame_1860.jpg,7a
frame_3911.jpg,6c
frame_3905.jpg,7c
frame_1874.jpg,6a
frame_1684.jpg,6a+
frame_3093.jpg,5b
frame_3939.jpg,7a+
frame_3087.jpg,7a+
frame_2399.jpg,7b
frame_1690.jpg,7a+
frame_1848.jpg,7c+
frame_0001.jpg,6b
frame_2616.jpg,6b
frame_3508.jpg,6c+
frame_4267.jpg,6b+
frame_4501.jpg,7a
frame_2170.jpg,7b
frame_1479.jpg,7a
frame_0767.jpg,6a+
frame_0773.jpg,7b+
frame_4515.jpg,6a
frame_2164.jpg,5a
frame_2602.jpg,7a+
frame_4273.jpg,7c
frame_0015.jpg,6c+
frame_3534.jpg,6b
frame_1323.jpg,5b
frame_0983.jpg,6c+
frame_1445.jpg,6a+
frame_3252.jpg,7b
frame_4529.jpg,5b
frame_3246.jpg,7c
frame_2158.jpg,7c
frame_0997.jpg,7a
frame_1451.jpg,7c
frame_0029.jpg,4b
frame_1337.jpg,6a+
frame_3520.jpg,7a
frame_0968.jpg,6c
frame_2819.jpg,7a
frame_4298.jpg,5b
frame_2831.jpg,6b+
frame_3291.jpg,7a
frame_0798.jpg,7a
frame_0940.jpg,7a+
frame_1486.jpg,6a+
frame_0954.jpg,6c
frame_1492.jpg,6a
frame_3285.jpg,6b
frame_2825.jpg,6a
frame_1484.jpg,6a
frame_0942.jpg,6b
frame_3293.jpg,7a+
frame_2833.jpg,7c
frame_2827.jpg,7a+
frame_3287.jpg,7c
frame_2199.jpg,6a
frame_1490.jpg,7a
frame_0956.jpg,5a
frame_3250.jpg,7b+
frame_0759.jpg,6a+
frame_1447.jpg,6c
frame_0981.jpg,7b
frame_1321.jpg,7b
frame_4259.jpg,6a+
frame_3536.jpg,6c+
frame_2628.jpg,6b+
frame_3522.jpg,6b
frame_1335.jpg,4a
frame_1453.jpg,7a+
frame_0995.jpg,5b
frame_3244.jpg,5c
frame_0765.jpg,6b+
frame_2172.jpg,7b
frame_4503.jpg,7b
frame_4265.jpg,6c+
frame_2614.jpg,7a+
frame_0003.jpg,7a
frame_1309.jpg,7b
frame_0017.jpg,7a+
frame_4271.jpg,6c
frame_2600.jpg,8a+
frame_2166.jpg,7a+
frame_3278.jpg,6c+
frame_4517.jpg,6b+
frame_0771.jpg,6a+
frame_4098.jpg,7c
frame_3091.jpg,5a
frame_0598.jpg,8a
frame_1686.jpg,7a
frame_1692.jpg,7a
frame_3085.jpg,7c
frame_3913.jpg,6b
frame_1862.jpg,6b+
frame_1876.jpg,7b
frame_3907.jpg,5b
frame_3734.jpg,5a
frame_1123.jpg,6b
frame_1645.jpg,4c
frame_3052.jpg,7b
frame_4729.jpg,7c
frame_3046.jpg,6c
frame_2358.jpg,7b+
frame_1651.jpg,7b+
frame_1889.jpg,5c
frame_0229.jpg,6a
frame_1137.jpg,5c
frame_3720.jpg,5a
frame_0201.jpg,4a
frame_2416.jpg,7b+
frame_3708.jpg,7a+
frame_4067.jpg,7a
frame_4701.jpg,6a
frame_2370.jpg,4b
frame_1679.jpg,6b
frame_0567.jpg,7c
frame_0573.jpg,6a
frame_4715.jpg,6b
frame_2364.jpg,6c
frame_2402.jpg,6c+
frame_4073.jpg,6c
frame_0215.jpg,7a+
frame_1094.jpg,6c
frame_3683.jpg,7a
frame_2589.jpg,7b
frame_3697.jpg,7a
frame_1080.jpg,6a+
frame_3867.jpg,7c
frame_1916.jpg,6c+
frame_1902.jpg,6c
frame_3873.jpg,5b
frame_3640.jpg,6b
frame_3898.jpg,7c
frame_1057.jpg,6c
frame_0349.jpg,7a
frame_1731.jpg,7b
frame_2238.jpg,6a
frame_3126.jpg,6b
frame_4649.jpg,5c
frame_3132.jpg,5c
frame_1725.jpg,6a
frame_1043.jpg,4a
frame_3654.jpg,7b
frame_0375.jpg,7a+
frame_4113.jpg,7b
frame_2562.jpg,5c
frame_2204.jpg,6a+
frame_4675.jpg,4a
frame_0413.jpg,6c
frame_0407.jpg,7a
frame_1719.jpg,7a+
frame_2210.jpg,6b+
frame_4661.jpg,7b
frame_4107.jpg,7a
frame_3668.jpg,6a
frame_2576.jpg,6b+
frame_0361.jpg,6a
frame_0836.jpg,5b
frame_4488.jpg,7b
frame_3481.jpg,6c
frame_2947.jpg,7a+
frame_1296.jpg,6c
frame_0188.jpg,4a
frame_1282.jpg,6a
frame_3495.jpg,7c+
frame_2953.jpg,7a+
frame_0822.jpg,7a+
frame_3324.jpg,5b
frame_1533.jpg,7c
frame_1255.jpg,5c
frame_3442.jpg,7a
frame_2984.jpg,7b+
frame_2748.jpg,7a
frame_3456.jpg,7b
frame_4339.jpg,4b
frame_2990.jpg,6b
frame_1241.jpg,7b+
frame_1527.jpg,6a
frame_0639.jpg,7a+
frame_3330.jpg,6c+
frame_0611.jpg,6a
frame_4477.jpg,7b
frame_3318.jpg,7a+
frame_2006.jpg,6a
frame_2760.jpg,6c
frame_4311.jpg,7a
frame_0177.jpg,7a
frame_1269.jpg,7b+
frame_0163.jpg,4c
frame_2774.jpg,6c
frame_4305.jpg,7b+
frame_4463.jpg,7b+
frame_2012.jpg,7c+
frame_0605.jpg,7c+
frame_4304.jpg,6c+
frame_2775.jpg,6a+
frame_0162.jpg,4c
frame_0604.jpg,7b
frame_2013.jpg,6c+
frame_4462.jpg,7a+
frame_2007.jpg,7b
frame_3319.jpg,7a
frame_4476.jpg,7b+
frame_0610.jpg,6c+
frame_1268.jpg,6b
frame_0176.jpg,6b
frame_4310.jpg,7a
frame_2761.jpg,7b+
frame_1240.jpg,6a+
frame_2991.jpg,4b
frame_4338.jpg,7a
frame_3457.jpg,6c
frame_2749.jpg,6a
frame_3331.jpg,7c
frame_0638.jpg,6a
frame_1526.jpg,7a
frame_1532.jpg,8a
frame_3325.jpg,7c
frame_2985.jpg,7a
frame_3443.jpg,7a+
frame_1254.jpg,7a
frame_2952.jpg,7b
frame_3494.jpg,4b
frame_1283.jpg,4b
frame_0823.jpg,7b
frame_4489.jpg,6c+
frame_0837.jpg,7b+
frame_0189.jpg,7a
frame_1297.jpg,6c
frame_2946.jpg,7a
frame_3480.jpg,6c+
frame_4660.jpg,6a
frame_2211.jpg,6a
frame_1718.jpg,7a
frame_0406.jpg,7c
frame_0360.jpg,7a+
frame_2577.jpg,5c
frame_3669.jpg,6a
frame_4106.jpg,6c
frame_2563.jpg,6c+
frame_4112.jpg,6c
frame_0374.jpg,7a+
frame_0412.jpg,6a
frame_4674.jpg,6a
frame_2205.jpg,7b
frame_1724.jpg,6b+
frame_3133.jpg,7a
frame_3655.jpg,4b
frame_1042.jpg,5c
frame_0348.jpg,8c
frame_1056.jpg,7c
frame_3899.jpg,7a
frame_3641.jpg,6c+
frame_4648.jpg,6c+
frame_3127.jpg,6c
frame_2239.jpg,7b
frame_1730.jpg,6c+
frame_1903.jpg,7b
frame_3872.jpg,7a
frame_3866.jpg,7b+
frame_1917.jpg,5c
frame_1081.jpg,6c
frame_3696.jpg,7a
frame_2588.jpg,7a+
frame_3682.jpg,6a
frame_1095.jpg,7a
frame_2365.jpg,6c
frame_4714.jpg,6c+
frame_0572.jpg,7b
frame_0214.jpg,7b+
frame_4072.jpg,6c+
frame_2403.jpg,7a+
frame_4066.jpg,7a
frame_3709.jpg,8a+
frame_2417.jpg,7c
frame_0200.jpg,7a
frame_0566.jpg,6c
frame_1678.jpg,6b
frame_2371.jpg,6b+
frame_4700.jpg,6c
frame_1888.jpg,7c
frame_1650.jpg,7c
frame_2359.jpg,7b+
frame_3047.jpg,5a
frame_4728.jpg,7c
frame_3721.jpg,4b
frame_1136.jpg,7a
frame_0228.jpg,7b
frame_1122.jpg,7b+
frame_3735.jpg,6c
frame_3053.jpg,6a
frame_1644.jpg,7b+
frame_1877.jpg,6c+
frame_3906.jpg,5c
frame_3912.jpg,6c
frame_1863.jpg,7c
frame_3084.jpg,6c
frame_1693.jpg,6c
frame_4099.jpg,7b
frame_1687.jpg,4b
frame_0599.jpg,6a
frame_3090.jpg,6a
frame_2601.jpg,7b+
frame_4270.jpg,7a
frame_0016.jpg,6b+
frame_1308.jpg,6b
frame_0770.jpg,5b
frame_4516.jpg,5a
frame_3279.jpg,6b
frame_2167.jpg,6c+
frame_4502.jpg,6c
frame_2173.jpg,5c
frame_0764.jpg,6c
frame_0002.jpg,6c
frame_2615.jpg,7c
frame_4264.jpg,6b
frame_1334.jpg,4b
frame_3523.jpg,4c
frame_3245.jpg,7b+
frame_0994.jpg,6a
frame_1452.jpg,6c
frame_0980.jpg,7a
frame_1446.jpg,5a
frame_0758.jpg,5c
frame_3251.jpg,6a
frame_2629.jpg,6c
frame_3537.jpg,7a+
frame_4258.jpg,6a+
frame_1320.jpg,7a+
frame_2826.jpg,7a+
frame_0957.jpg,7c
frame_1491.jpg,6a
frame_2198.jpg,7b
frame_3286.jpg,7a
frame_3292.jpg,6b
frame_0943.jpg,5c
frame_1485.jpg,7a+
frame_2832.jpg,5b
frame_2836.jpg,7a
frame_0947.jpg,4b
frame_1481.jpg,7a+
frame_3296.jpg,6a
frame_2188.jpg,6b
frame_3282.jpg,7a
frame_0953.jpg,7a
frame_1495.jpg,6c
frame_2822.jpg,7b+
frame_4260.jpg,6a+
frame_2611.jpg,7b
frame_1318.jpg,5b
frame_0006.jpg,5a
frame_0760.jpg,7b+
frame_2177.jpg,6a+
frame_4506.jpg,7b
frame_3269.jpg,7b
frame_2163.jpg,6a
frame_4512.jpg,6c+
frame_0774.jpg,7a+
frame_0012.jpg,7a
frame_4274.jpg,6a
frame_2605.jpg,6a
frame_1324.jpg,6c+
frame_3533.jpg,4b
frame_3255.jpg,7b
frame_0984.jpg,6b+
frame_1442.jpg,6a
frame_0748.jpg,7a
frame_0990.jpg,5c
frame_1456.jpg,6c
frame_3241.jpg,6c
frame_3527.jpg,6c+
frame_4248.jpg,7a+
frame_2639.jpg,7b+
frame_1330.jpg,8c
frame_1867.jpg,7b
frame_3916.jpg,6a
frame_3902.jpg,7a+
frame_1873.jpg,7a
frame_3094.jpg,6a
frame_1683.jpg,6a
frame_4089.jpg,7b
frame_0589.jpg,6c
frame_1697.jpg,6a+
frame_3080.jpg,7a+
frame_4704.jpg,4b
frame_2375.jpg,7b
frame_0562.jpg,6c
frame_0204.jpg,6c
frame_2413.jpg,6b
frame_4062.jpg,4b
frame_2407.jpg,6b
frame_4076.jpg,6a
frame_3719.jpg,7a
frame_0210.jpg,4a
frame_1668.jpg,7c+
frame_0576.jpg,7a+
frame_4710.jpg,7a
frame_2361.jpg,7b+
frame_1640.jpg,7a+
frame_1898.jpg,7c
frame_3057.jpg,6a
frame_4738.jpg,7b
frame_2349.jpg,7a+
frame_3731.jpg,6c
frame_0238.jpg,5a
frame_1126.jpg,7a+
frame_1132.jpg,7c
frame_3725.jpg,6c
frame_3043.jpg,7a
frame_1654.jpg,7a
frame_1913.jpg,6b
frame_3862.jpg,6b
frame_3876.jpg,6a
frame_1907.jpg,7b+
frame_1091.jpg,5c
frame_2598.jpg,7a+
frame_3686.jpg,7b
frame_3692.jpg,7a
frame_1085.jpg,7a+
frame_2201.jpg,6b
frame_4670.jpg,6c
frame_0416.jpg,7a
frame_1708.jpg,6c
frame_0370.jpg,7a
frame_3679.jpg,7a
frame_4116.jpg,6b
frame_2567.jpg,7a+
frame_4102.jpg,7a
frame_2573.jpg,7a+
frame_0364.jpg,7c+
frame_0402.jpg,4a
frame_2215.jpg,6b
frame_4664.jpg,5c
frame_1734.jpg,7a+
frame_3123.jpg,4c
frame_3645.jpg,6c
frame_1052.jpg,6a+
frame_1046.jpg,6b+
frame_0358.jpg,6b
frame_3651.jpg,6b
frame_3889.jpg,8c
frame_2229.jpg,7a
frame_4658.jpg,7a+
frame_3137.jpg,6b
frame_1720.jpg,6c+
frame_2942.jpg,6b
frame_3484.jpg,6c+
frame_1293.jpg,6b+
frame_0833.jpg,6b
frame_4499.jpg,6a
frame_0827.jpg,6a
frame_1287.jpg,7a
frame_0199.jpg,6a
frame_2956.jpg,5c
frame_3490.jpg,7b
frame_2765.jpg,7a
frame_4314.jpg,7a+
frame_0172.jpg,6c+
frame_0614.jpg,6b+
frame_4472.jpg,7c
frame_2003.jpg,7a
frame_3309.jpg,8c
frame_4466.jpg,6a+
frame_2017.jpg,5c
frame_0600.jpg,6b+
frame_0166.jpg,6a+
frame_1278.jpg,7b+
frame_2771.jpg,7a+
frame_4300.jpg,5c
frame_1250.jpg,4a
frame_2759.jpg,7b+
frame_4328.jpg,7b
frame_2981.jpg,6c
frame_3447.jpg,7c+
frame_3321.jpg,7a
frame_1536.jpg,6a
frame_0628.jpg,7c+
frame_1522.jpg,5b
frame_3335.jpg,7a+
frame_2995.jpg,5a
frame_3453.jpg,6b
frame_1244.jpg,4c
frame_3334.jpg,6b
frame_1523.jpg,6a
frame_1245.jpg,4b
frame_3452.jpg,5a
frame_2994.jpg,7a
frame_3446.jpg,5a
frame_2980.jpg,6c
frame_4329.jpg,5c
frame_2758.jpg,7b
frame_1251.jpg,7c
frame_0629.jpg,6c
frame_1537.jpg,6b+
frame_3320.jpg,7a+
frame_0601.jpg,6c
frame_2016.jpg,7b+
frame_4467.jpg,7a
frame_3308.jpg,6c
frame_4301.jpg,7b
frame_2770.jpg,7b
frame_1279.jpg,7a
frame_0167.jpg,7a
frame_0173.jpg,7a+
frame_4315.jpg,6b+
frame_2764.jpg,7a
frame_2002.jpg,6c+
frame_4473.jpg,7b+
frame_0615.jpg,7a
frame_0826.jpg,6a+
frame_4498.jpg,6b+
frame_3491.jpg,6b+
frame_2957.jpg,6c+
frame_0198.jpg,6b
frame_1286.jpg,7a+
frame_1292.jpg,6b
frame_3485.jpg,4c
frame_2943.jpg,7c
frame_0832.jpg,7a
frame_3888.jpg,6b+
frame_3650.jpg,7c
frame_0359.jpg,7b+
frame_1047.jpg,4b
frame_1721.jpg,5c
frame_3136.jpg,7a
frame_4659.jpg,6c
frame_2228.jpg,6c
frame_3122.jpg,7a+
frame_1735.jpg,7c
frame_1053.jpg,7a+
frame_3644.jpg,4b
frame_0365.jpg,4a
frame_2572.jpg,7c
frame_4103.jpg,7b
frame_4665.jpg,5b
frame_2214.jpg,7b
frame_0403.jpg,6b+
frame_1709.jpg,7a
frame_0417.jpg,6c
frame_4671.jpg,5a
frame_2200.jpg,6c
frame_2566.jpg,6a+
frame_4117.jpg,6a
frame_3678.jpg,5c
frame_0371.jpg,7c
frame_1084.jpg,6a
frame_3693.jpg,7a+
frame_3687.jpg,7b
frame_2599.jpg,6b
frame_1090.jpg,7a+
frame_3877.jpg,6c
frame_1906.jpg,6b+
frame_1912.jpg,8b
frame_3863.jpg,7b+
frame_3724.jpg,6b+
frame_1133.jpg,6c
frame_1655.jpg,8a
frame_3042.jpg,7a+
frame_2348.jpg,6b
frame_4739.jpg,6b
frame_3056.jpg,6c+
frame_1899.jpg,7b+
frame_1641.jpg,6b
frame_1127.jpg,7c
frame_0239.jpg,5b
frame_3730.jpg,6b+
frame_0211.jpg,7a+
frame_3718.jpg,6a
frame_4077.jpg,5c
frame_2406.jpg,7a+
frame_2360.jpg,6b
frame_4711.jpg,7b+
frame_0577.jpg,6a
frame_1669.jpg,6a+
frame_0563.jpg,6a+
frame_2374.jpg,7a+
frame_4705.jpg,7b
frame_4063.jpg,6c+
frame_2412.jpg,4c
frame_0205.jpg,7a
frame_4088.jpg,6b
frame_3081.jpg,7b
frame_1696.jpg,7b+
frame_0588.jpg,7a
frame_1682.jpg,7c+
frame_3095.jpg,6c
frame_3903.jpg,5c
frame_1872.jpg,7a+
frame_1866.jpg,6a
frame_3917.jpg,5a
frame_3240.jpg,7b
frame_1457.jpg,6b
frame_0991.jpg,6c
frame_0749.jpg,6c+
frame_1331.jpg,5a
frame_2638.jpg,7a+
frame_4249.jpg,6a
frame_3526.jpg,6b
frame_3532.jpg,6c
frame_1325.jpg,6a
frame_1443.jpg,6c
frame_0985.jpg,4c
frame_3254.jpg,7a+
frame_0775.jpg,6a+
frame_4513.jpg,7b
frame_2162.jpg,6a
frame_2604.jpg,6c
frame_4275.jpg,6b
frame_0013.jpg,7a+
frame_0007.jpg,6b
frame_1319.jpg,7a
frame_2610.jpg,6c
frame_4261.jpg,6a+
frame_3268.jpg,7a
frame_4507.jpg,7b
frame_2176.jpg,5c
frame_0761.jpg,4a
frame_1494.jpg,7b
frame_0952.jpg,5c
frame_3283.jpg,6c
frame_2823.jpg,7c
frame_2837.jpg,5c
frame_2189.jpg,6a
frame_3297.jpg,7a
frame_1480.jpg,4b
frame_0946.jpg,7a
frame_0978.jpg,7a
frame_2809.jpg,7a+
frame_2821.jpg,7a
frame_4288.jpg,4c
frame_3281.jpg,7a+
frame_0950.jpg,6a+
frame_1496.jpg,6c
frame_0788.jpg,4c
frame_0944.jpg,7c
frame_1482.jpg,6b
frame_3295.jpg,4b
frame_2835.jpg,7b
frame_0011.jpg,5c
frame_3518.jpg,7b
frame_4277.jpg,7a
frame_2606.jpg,7c+
frame_2160.jpg,7a+
frame_4511.jpg,7b+
frame_0777.jpg,7a
frame_1469.jpg,7a
frame_0763.jpg,7a
frame_2174.jpg,7b
frame_4505.jpg,7b
frame_4263.jpg,6b
frame_2612.jpg,7a
frame_0005.jpg,6a+
frame_3524.jpg,6c+
frame_1333.jpg,5c
frame_0993.jpg,6c
frame_1455.jpg,6a+
frame_3242.jpg,8c
frame_2148.jpg,7a
frame_4539.jpg,7a+
frame_3256.jpg,6c+
frame_0987.jpg,7a+
frame_1441.jpg,8c
frame_1327.jpg,6a
frame_0039.jpg,4a
frame_3530.jpg,7a
frame_1870.jpg,7c
frame_3901.jpg,7a
frame_3915.jpg,4a
frame_1864.jpg,6a
frame_1694.jpg,6b
frame_3083.jpg,6c
frame_3929.jpg,7a+
frame_2389.jpg,7a
frame_3097.jpg,6a+
frame_1858.jpg,7c
frame_1680.jpg,6b+
frame_0575.jpg,4a
frame_4713.jpg,6a
frame_2362.jpg,6c+
frame_2404.jpg,7b
frame_4075.jpg,7a
frame_0213.jpg,7a
frame_0207.jpg,5c
frame_1119.jpg,7a+
frame_2410.jpg,6b+
frame_4061.jpg,7a+
frame_3068.jpg,7b+
frame_4707.jpg,7a+
frame_2376.jpg,6c
frame_0561.jpg,6b+
frame_3040.jpg,4a
frame_1657.jpg,6b
frame_0549.jpg,6b
frame_1131.jpg,7b
frame_2438.jpg,7c+
frame_4049.jpg,4c
frame_3726.jpg,7a+
frame_3732.jpg,7a+
frame_1125.jpg,6c
frame_1643.jpg,7a+
frame_3054.jpg,7b
frame_1904.jpg,7a
frame_3875.jpg,7c+
frame_3861.jpg,6c
frame_1910.jpg,7b
frame_1938.jpg,8a
frame_4698.jpg,7a
frame_3849.jpg,7b+
frame_3691.jpg,6b
frame_0398.jpg,6c
frame_1086.jpg,7b
frame_1092.jpg,6c+
frame_3685.jpg,6a
frame_0401.jpg,6c
frame_2216.jpg,6a
frame_4667.jpg,5c
frame_3108.jpg,8c
frame_4101.jpg,7a+
frame_2570.jpg,8b
frame_1079.jpg,4a
frame_0367.jpg,6b
frame_0373.jpg,6a+
frame_4115.jpg,6c+
frame_2564.jpg,7b+
frame_2202.jpg,7a+
frame_4673.jpg,7a
frame_0415.jpg,6a+
frame_3134.jpg,6b+
frame_1723.jpg,6a+
frame_1045.jpg,7a
frame_3652.jpg,6a
frame_3646.jpg,7a
frame_4129.jpg,6b+
frame_2558.jpg,4a
frame_1051.jpg,6a+
frame_0429.jpg,6a+
frame_1737.jpg,6a
frame_3120.jpg,6a+
frame_2969.jpg,7c+
frame_0818.jpg,6c
frame_1284.jpg,5c
frame_2955.jpg,7c
frame_3493.jpg,7a
frame_0824.jpg,7a
frame_0830.jpg,6b
frame_2941.jpg,6c+
frame_3487.jpg,6c+
frame_2799.jpg,6b+
frame_1290.jpg,7b
frame_0165.jpg,6b+
frame_2772.jpg,6c
frame_4303.jpg,6c
frame_4465.jpg,6b+
frame_2014.jpg,7a+
frame_0603.jpg,6a+
frame_1509.jpg,6a
frame_0617.jpg,7b
frame_4471.jpg,7a
frame_2000.jpg,8a
frame_2766.jpg,6a+
frame_4317.jpg,6a+
frame_3478.jpg,7c
frame_0171.jpg,6b+
frame_2996.jpg,7a
frame_3450.jpg,7a
frame_0159.jpg,6b+
frame_1247.jpg,6c+
frame_1521.jpg,7a+
frame_3336.jpg,7a+
frame_4459.jpg,7a+
frame_2028.jpg,4a
frame_3322.jpg,5b
frame_1535.jpg,7b+
frame_1253.jpg,6c
frame_2982.jpg,7a
frame_3444.jpg,6b
frame_1534.jpg,6c+
frame_3323.jpg,7a+
frame_3445.jpg,6c
frame_2983.jpg,6b
frame_1252.jpg,5c
frame_1246.jpg,6b
frame_0158.jpg,7a
frame_3451.jpg,7b
frame_2997.jpg,6a
frame_2029.jpg,7a+
frame_4458.jpg,6b+
frame_3337.jpg,6a
frame_1520.jpg,7b
frame_2001.jpg,6b+
frame_4470.jpg,7c
frame_0616.jpg,6c+
frame_1508.jpg,6a+
frame_0170.jpg,6b
frame_3479.jpg,6a
frame_4316.jpg,6c+
frame_2767.jpg,7b+
frame_4302.jpg,6a
frame_2773.jpg,5c
frame_0164.jpg,7b+
frame_0602.jpg,7c+
frame_2015.jpg,6b+
frame_4464.jpg,7a+
frame_0831.jpg,7b
frame_1291.jpg,7b
frame_2798.jpg,7a
frame_3486.jpg,6c
frame_2940.jpg,7a
frame_3492.jpg,6b+
frame_2954.jpg,6c
frame_1285.jpg,7c+
frame_0825.jpg,5c
frame_2968.jpg,6c
frame_0819.jpg,6a+
frame_1050.jpg,6b
frame_2559.jpg,6c
frame_4128.jpg,6c
frame_3647.jpg,6c+
frame_3121.jpg,5b
frame_1736.jpg,6c+
frame_0428.jpg,6c
frame_1722.jpg,6b
frame_3135.jpg,6c
frame_3653.jpg,5a
frame_1044.jpg,6b
frame_2565.jpg,4b
frame_4114.jpg,6c
frame_0372.jpg,8b
frame_0414.jpg,6a+
frame_4672.jpg,7c
frame_2203.jpg,5b
frame_3109.jpg,6b+
frame_4666.jpg,6a
frame_2217.jpg,7b
frame_0400.jpg,7b
frame_0366.jpg,6a
frame_1078.jpg,6c
frame_2571.jpg,7b
frame_4100.jpg,5b
frame_3684.jpg,7b+
frame_1093.jpg,7b+
frame_4699.jpg,5a
frame_1939.jpg,7a+
frame_1087.jpg,6a
frame_0399.jpg,6b
frame_3690.jpg,6c+
frame_3848.jpg,6c
frame_3860.jpg,7a+
frame_1911.jpg,6c
frame_1905.jpg,5c
frame_3874.jpg,7a+
frame_1124.jpg,7b+
frame_3733.jpg,8a+
frame_3055.jpg,6c+
frame_1642.jpg,7c
frame_0548.jpg,6c
frame_1656.jpg,7c
frame_3041.jpg,6c
frame_3727.jpg,7a
frame_4048.jpg,7b
frame_2439.jpg,5a
frame_1130.jpg,6a
frame_4060.jpg,7c+
frame_2411.jpg,6a
frame_1118.jpg,4c
frame_0206.jpg,5a
frame_0560.jpg,7a+
frame_2377.jpg,7b
frame_4706.jpg,7c
frame_3069.jpg,7a+
frame_2363.jpg,7b
frame_4712.jpg,7a
frame_0574.jpg,7b
frame_0212.jpg,6a+
frame_4074.jpg,7a
frame_2405.jpg,6a
frame_3928.jpg,7a
frame_1681.jpg,6b
frame_1859.jpg,4a
frame_3096.jpg,6b
frame_2388.jpg,7a+
frame_3082.jpg,7b
frame_1695.jpg,7b+
frame_3914.jpg,7a
frame_1865.jpg,7a+
frame_1871.jpg,6b+
frame_3900.jpg,4b
frame_1440.jpg,6a
frame_0986.jpg,6c+
frame_3257.jpg,7a
frame_4538.jpg,6c
frame_2149.jpg,7b
frame_3531.jpg,6a
frame_0038.jpg,5c
frame_1326.jpg,6b+
frame_1332.jpg,6a
frame_3525.jpg,6a+
frame_3243.jpg,4c
frame_1454.jpg,7a+
frame_0992.jpg,5b
frame_4504.jpg,7b
frame_2175.jpg,6b
frame_0762.jpg,7a
frame_0004.jpg,7a
frame_2613.jpg,7c
frame_4262.jpg,6b
frame_2607.jpg,6c
frame_4276.jpg,7b+
frame_3519.jpg,5b
frame_0010.jpg,6b+
frame_1468.jpg,7b+
frame_0776.jpg,7c
frame_4510.jpg,7b
frame_2161.jpg,7a
frame_3294.jpg,6c
frame_1483.jpg,6c
frame_0945.jpg,6b+
frame_2834.jpg,6b+
frame_4289.jpg,7a
frame_2820.jpg,7b
frame_0789.jpg,6a
frame_1497.jpg,7a+
frame_0951.jpg,6c
frame_3280.jpg,6a
frame_0979.jpg,7a
frame_2808.jpg,6c
frame_2847.jpg,6c+
frame_3581.jpg,5b
frame_0088.jpg,7a+
frame_1396.jpg,6c+
frame_0936.jpg,7a
frame_4588.jpg,6c
frame_0922.jpg,6b+
frame_1382.jpg,7a+
frame_2853.jpg,7b
frame_3595.jpg,6b+
frame_1355.jpg,8a
frame_2884.jpg,6c+
frame_3542.jpg,7a+
frame_3224.jpg,6c
frame_1433.jpg,6a+
frame_0739.jpg,7b
frame_1427.jpg,6c+
frame_3230.jpg,7a+
frame_4239.jpg,7a
frame_2890.jpg,8a
frame_3556.jpg,7a+
frame_2648.jpg,6c+
frame_1341.jpg,7c+
frame_4211.jpg,6c
frame_2660.jpg,7a+
frame_1369.jpg,5b
frame_0077.jpg,5c
frame_0711.jpg,6c+
frame_2106.jpg,7c+
frame_3218.jpg,6a
frame_4577.jpg,7a+
frame_2112.jpg,7a
frame_4563.jpg,6c+
frame_0705.jpg,6c+
frame_0063.jpg,7b+
frame_4205.jpg,5a
frame_2674.jpg,4c
frame_1194.jpg,6a+
frame_3783.jpg,6c
frame_3797.jpg,7b
frame_2489.jpg,6a+
frame_1180.jpg,6c
frame_1816.jpg,7a
frame_3967.jpg,6c+
frame_3973.jpg,7a
frame_1802.jpg,7b+
frame_1631.jpg,7a+
frame_3026.jpg,7c
frame_2338.jpg,5c
frame_3998.jpg,6c
frame_3740.jpg,7a
frame_0249.jpg,6a
frame_1157.jpg,4a
frame_1143.jpg,7c
frame_3754.jpg,7c
frame_3032.jpg,6a
frame_1625.jpg,7a+
frame_2304.jpg,6a
frame_0513.jpg,7c
frame_0275.jpg,4a
frame_2462.jpg,7a
frame_4013.jpg,6c
frame_2476.jpg,4b
frame_3768.jpg,5c
frame_4007.jpg,6a+
frame_0261.jpg,6b
frame_1619.jpg,7a+
frame_0507.jpg,6b
frame_2310.jpg,4b
frame_3191.jpg,7a
frame_1786.jpg,6a
frame_0498.jpg,6b
frame_4198.jpg,6c
frame_1792.jpg,6a+
frame_3185.jpg,7a
frame_1962.jpg,5c
frame_3813.jpg,6b
frame_3807.jpg,7a
frame_1976.jpg,7a
frame_1745.jpg,6a+
frame_3152.jpg,6b
frame_3634.jpg,6c
frame_1023.jpg,6b
frame_1037.jpg,7b+
frame_0329.jpg,6c+
frame_3620.jpg,7a+
frame_2258.jpg,4a
frame_3146.jpg,6a
frame_4629.jpg,5a
frame_1989.jpg,6b
frame_1751.jpg,6b+
frame_2270.jpg,6a+
frame_4601.jpg,7a+
frame_0467.jpg,6a
frame_1779.jpg,7a+
frame_0301.jpg,6a+
frame_4167.jpg,6b+
frame_3608.jpg,8a
frame_2516.jpg,6b
frame_4173.jpg,6a
frame_2502.jpg,6c+
frame_0315.jpg,7c
frame_0473.jpg,7a+
frame_2264.jpg,7a
frame_4615.jpg,8b
frame_2933.jpg,5a
frame_0842.jpg,6c+
frame_1584.jpg,6b+
frame_3393.jpg,5c
frame_2099.jpg,6a
frame_3387.jpg,7c+
frame_0856.jpg,6a
frame_1590.jpg,5c
frame_2927.jpg,6c
frame_1221.jpg,6c+
frame_2728.jpg,7a+
frame_3436.jpg,6a+
frame_4359.jpg,6a+
frame_3350.jpg,6a
frame_0881.jpg,5c
frame_1547.jpg,7a+
frame_0659.jpg,5b
frame_0895.jpg,6a
frame_1553.jpg,5a
frame_3344.jpg,6c+
frame_3422.jpg,6a
frame_1235.jpg,5b
frame_2714.jpg,8c
frame_4365.jpg,7a+
frame_0103.jpg,6b
frame_0665.jpg,7c+
frame_4403.jpg,6b
frame_2072.jpg,7b
frame_4417.jpg,7b
frame_3378.jpg,6a+
frame_2066.jpg,6b+
frame_0671.jpg,6c+
frame_0117.jpg,7a+
frame_1209.jpg,6b+
frame_2700.jpg,7b+
frame_4371.jpg,7b+
frame_0670.jpg,7a
frame_2067.jpg,7c+
frame_3379.jpg,6b+
frame_4416.jpg,7a
frame_4370.jpg,6b+
frame_2701.jpg,6a
frame_1208.jpg,6a+
frame_0116.jpg,6a
frame_0102.jpg,4c
frame_4364.jpg,7b
frame_2715.jpg,6a
frame_2073.jpg,4b
frame_4402.jpg,7a
frame_0664.jpg,7c+
frame_3345.jpg,7a
frame_1552.jpg,6a
frame_0894.jpg,6a
frame_1234.jpg,7b
frame_3423.jpg,6a+
frame_4358.jpg,7b+
frame_3437.jpg,7a+
frame_2729.jpg,7c+
frame_1220.jpg,6c
frame_0658.jpg,7a
frame_1546.jpg,7c+
frame_0880.jpg,5a
frame_3351.jpg,6c+
frame_1591.jpg,4b
frame_0857.jpg,6a
frame_3386.jpg,5a
frame_2098.jpg,7c
frame_2926.jpg,5b
frame_2932.jpg,7b
frame_3392.jpg,7a+
frame_1585.jpg,6c
frame_0843.jpg,6a
frame_0314.jpg,7a
frame_2503.jpg,6a+
frame_4172.jpg,7a+
frame_4614.jpg,7c+
frame_2265.jpg,7a+
frame_0472.jpg,6a
frame_1778.jpg,4c
frame_0466.jpg,6b
frame_4600.jpg,4b
frame_2271.jpg,8b
frame_2517.jpg,6b+
frame_3609.jpg,7a+
frame_4166.jpg,6c
frame_0300.jpg,5b
frame_3621.jpg,7c+
frame_0328.jpg,7a
frame_1036.jpg,7a+
frame_1750.jpg,5c
frame_1988.jpg,6c
frame_4628.jpg,7b+
frame_3147.jpg,7c
frame_2259.jpg,7a
frame_3153.jpg,6c+
frame_1744.jpg,7b+
frame_1022.jpg,7a
frame_3635.jpg,7a+
frame_3806.jpg,7a+
frame_1977.jpg,6c
frame_1963.jpg,8c
frame_3812.jpg,5c
frame_3184.jpg,7a
frame_1793.jpg,7c
frame_0499.jpg,6b+
frame_1787.jpg,7a+
frame_3190.jpg,6c
frame_4199.jpg,7a+
frame_0260.jpg,7b+
frame_4006.jpg,6c
frame_3769.jpg,7a+
frame_2477.jpg,6a
frame_2311.jpg,7a+
frame_0506.jpg,7a
frame_1618.jpg,6a
frame_0512.jpg,7a
frame_2305.jpg,6c
frame_4012.jpg,6b+
frame_2463.jpg,6c
frame_0274.jpg,6a
frame_3755.jpg,5c
frame_1142.jpg,7a+
frame_1624.jpg,6a
frame_3033.jpg,7a
frame_2339.jpg,6a+
frame_3027.jpg,5b
frame_1630.jpg,6c
frame_1156.jpg,6a
frame_0248.jpg,7b
frame_3741.jpg,6c
frame_3999.jpg,7a
frame_3972.jpg,7c
frame_1803.jpg,7a+
frame_1817.jpg,6b+
frame_3966.jpg,6b
frame_1181.jpg,7a
frame_2488.jpg,5b
frame_3796.jpg,5c
frame_3782.jpg,7b+
frame_1195.jpg,6b
frame_0704.jpg,8c
frame_4562.jpg,6b+
frame_2113.jpg,7b
frame_2675.jpg,7a
frame_4204.jpg,7a
frame_0062.jpg,6a+
frame_0076.jpg,7b
frame_1368.jpg,7b+
frame_2661.jpg,7a+
frame_4210.jpg,6b
frame_4576.jpg,7b+
frame_3219.jpg,7b+
frame_2107.jpg,7a
frame_0710.jpg,4a
frame_3231.jpg,4b
frame_1426.jpg,4c
frame_0738.jpg,6b
frame_1340.jpg,6a
frame_2649.jpg,7b+
frame_3557.jpg,7a+
frame_2891.jpg,7a
frame_4238.jpg,7a
frame_3543.jpg,7a+
frame_2885.jpg,6b
frame_1354.jpg,6b+
frame_1432.jpg,6b
frame_3225.jpg,6a+
frame_0923.jpg,6a+
frame_3594.jpg,6a+
frame_2852.jpg,7b
frame_1383.jpg,6a
frame_1397.jpg,7b
frame_0089.jpg,6b
frame_3580.jpg,7a+
frame_2846.jpg,7b+
frame_4589.jpg,6c
frame_0937.jpg,7c+
frame_1381.jpg,6c
frame_2688.jpg,7a
frame_2850.jpg,6c+
frame_3596.jpg,7c
frame_0921.jpg,7a+
frame_0935.jpg,6b
frame_2844.jpg,5b
frame_3582.jpg,7b
frame_1395.jpg,7a
frame_0909.jpg,7a
frame_2878.jpg,5a
frame_2893.jpg,7a+
frame_3555.jpg,7a+
frame_1342.jpg,6b+
frame_1424.jpg,7b
frame_3233.jpg,7a+
frame_2139.jpg,6b
frame_3227.jpg,7a
frame_4548.jpg,6c+
frame_1430.jpg,6b+
frame_1356.jpg,7c
frame_0048.jpg,6b
frame_2887.jpg,6c+
frame_3541.jpg,6a
frame_0060.jpg,5c
frame_4206.jpg,8a
frame_3569.jpg,7c+
frame_2677.jpg,7b
frame_2111.jpg,7a+
frame_4560.jpg,8a
frame_0706.jpg,7b
frame_1418.jpg,4b
frame_0712.jpg,5c
frame_2105.jpg,6a
frame_4574.jpg,6b
frame_4212.jpg,6a
frame_2663.jpg,7c+
frame_0074.jpg,4b
frame_3794.jpg,5c
frame_1183.jpg,7b
frame_1197.jpg,7c+
frame_0289.jpg,6a
frame_3780.jpg,7b
frame_3958.jpg,7a+
frame_1829.jpg,7b
frame_1801.jpg,7a+
frame_3970.jpg,7a
frame_3964.jpg,6c+
frame_1815.jpg,7b
frame_3031.jpg,6b+
frame_1626.jpg,7a
frame_0538.jpg,6a
frame_1140.jpg,6b+
frame_2449.jpg,4b
frame_3757.jpg,7c+
frame_4038.jpg,7a
frame_3743.jpg,7b
frame_1154.jpg,6b
frame_1632.jpg,6c+
frame_3025.jpg,6a
frame_0504.jpg,7b
frame_2313.jpg,7b
frame_2475.jpg,7c
frame_4004.jpg,6c
frame_0262.jpg,7b
frame_0276.jpg,7a
frame_1168.jpg,7c
frame_2461.jpg,7a+
frame_4010.jpg,6a
frame_3019.jpg,6c
frame_2307.jpg,6c+
frame_0510.jpg,7b
frame_1791.jpg,7b
frame_1949.jpg,7b+
frame_3186.jpg,6c+
frame_2298.jpg,7c
frame_3838.jpg,7b
frame_3192.jpg,5c
frame_1785.jpg,7b
frame_1975.jpg,6c
frame_3804.jpg,6b
frame_3810.jpg,7a+
frame_1961.jpg,7c
frame_3145.jpg,7a+
frame_1752.jpg,6c
frame_1034.jpg,7b
frame_3623.jpg,7a+
frame_4158.jpg,7a
frame_3637.jpg,6b
frame_2529.jpg,7c
frame_1020.jpg,7b+
frame_0458.jpg,7b
frame_1746.jpg,6b+
frame_3151.jpg,6a
frame_0470.jpg,6b+
frame_2267.jpg,6c
frame_3179.jpg,6b+
frame_4616.jpg,4c
frame_4170.jpg,7b
frame_2501.jpg,7a+
frame_1008.jpg,7b
frame_0316.jpg,7c
frame_0302.jpg,7a
frame_4164.jpg,6b+
frame_2515.jpg,8a
frame_2273.jpg,6b+
frame_4602.jpg,7a
frame_0464.jpg,7a
frame_2924.jpg,8a
frame_3384.jpg,7b
frame_0855.jpg,7a
frame_1593.jpg,6c+
frame_0699.jpg,5c
frame_0841.jpg,6a
frame_1587.jpg,7b
frame_3390.jpg,5c
frame_2930.jpg,6a+
frame_4399.jpg,6a
frame_2918.jpg,7b
frame_0869.jpg,7a+
frame_3421.jpg,7c+
frame_0128.jpg,6c
frame_1236.jpg,6c
frame_0896.jpg,6c
frame_1550.jpg,6a+
frame_4428.jpg,6b
frame_3347.jpg,6b+
frame_2059.jpg,7a+
frame_3353.jpg,7b
frame_0882.jpg,4c
frame_1544.jpg,7c
frame_1222.jpg,5a
frame_3435.jpg,6c
frame_0114.jpg,7a
frame_2703.jpg,6a
frame_4372.jpg,7a+
frame_4414.jpg,7a+
frame_2065.jpg,7a+
frame_0672.jpg,5c
frame_1578.jpg,4c
frame_0666.jpg,7b
frame_4400.jpg,6c
frame_2071.jpg,7b+
frame_2717.jpg,6a+
frame_3409.jpg,6c+
frame_4366.jpg,7a+
frame_0100.jpg,6c
frame_2070.jpg,7b
frame_4401.jpg,6a
frame_0667.jpg,6b+
frame_1579.jpg,6c
frame_0101.jpg,6a
frame_4367.jpg,7b
frame_3408.jpg,7a+
frame_2716.jpg,4a
frame_4373.jpg,5c
frame_2702.jpg,6b
frame_0115.jpg,4a
frame_0673.jpg,6c+
frame_2064.jpg,6c
frame_4415.jpg,4b
frame_1545.jpg,7b
frame_0883.jpg,7b
frame_3352.jpg,6a
frame_3434.jpg,6b
frame_1223.jpg,7a
frame_1237.jpg,6c+
frame_0129.jpg,6c
frame_3420.jpg,6a
frame_2058.jpg,7b
frame_3346.jpg,7a+
frame_4429.jpg,7c+
frame_1551.jpg,8b
frame_0897.jpg,7b
frame_2919.jpg,6c
frame_0868.jpg,7a
frame_3391.jpg,7a
frame_1586.jpg,6c+
frame_0840.jpg,7c+
frame_0698.jpg,4c
frame_4398.jpg,5a
frame_2931.jpg,7b
frame_2925.jpg,6c
frame_1592.jpg,6b+
frame_0854.jpg,6b+
frame_3385.jpg,5a
frame_2514.jpg,7c
frame_4165.jpg,7b+
frame_0303.jpg,7a+
frame_0465.jpg,7b
frame_4603.jpg,7b
frame_2272.jpg,8c
frame_4617.jpg,5b
frame_3178.jpg,7a
frame_2266.jpg,7a
frame_0471.jpg,7a+
frame_0317.jpg,7a
frame_1009.jpg,6b+
frame_2500.jpg,6a
frame_4171.jpg,6a
frame_1021.jpg,6a
frame_2528.jpg,5a
frame_3636.jpg,6c
frame_4159.jpg,4c
frame_3150.jpg,7a
frame_1747.jpg,7a+
frame_0459.jpg,7a
frame_1753.jpg,6b+
frame_3144.jpg,6a+
frame_3622.jpg,6b
frame_1035.jpg,7a+
frame_3811.jpg,6c
frame_1960.jpg,6b
frame_1974.jpg,7a+
frame_3805.jpg,5a
frame_1784.jpg,6a
frame_3193.jpg,6a
frame_2299.jpg,6b
frame_3187.jpg,4a
frame_1948.jpg,7b
frame_1790.jpg,8c
frame_3839.jpg,5c
frame_4011.jpg,7b
frame_2460.jpg,7c
frame_1169.jpg,6a+
frame_0277.jpg,4c
frame_0511.jpg,4a
frame_2306.jpg,7a
frame_3018.jpg,5c
frame_2312.jpg,6b
frame_0505.jpg,7a+
frame_0263.jpg,7a+
frame_4005.jpg,7b
frame_2474.jpg,6c
frame_1155.jpg,6b
frame_3742.jpg,7a
frame_3024.jpg,6c+
frame_1633.jpg,7b
frame_0539.jpg,7b
frame_1627.jpg,8a
frame_3030.jpg,5c
frame_4039.jpg,4c
frame_3756.jpg,7b
frame_2448.jpg,7b
frame_1141.jpg,7a+
frame_3965.jpg,7b
frame_1814.jpg,7a
frame_1800.jpg,7c+
frame_3971.jpg,6b+
frame_3959.jpg,5a
frame_3781.jpg,6a+
frame_0288.jpg,7b
frame_1196.jpg,7a
frame_1828.jpg,7a
frame_1182.jpg,5a
frame_3795.jpg,7c
frame_4575.jpg,6c
frame_2104.jpg,6a
frame_0713.jpg,6a
frame_0075.jpg,7b
frame_2662.jpg,6a
frame_4213.jpg,6c
frame_2676.jpg,7b
frame_3568.jpg,5c
frame_4207.jpg,6a
frame_0061.jpg,7b
frame_1419.jpg,5b
frame_0707.jpg,5c
frame_4561.jpg,6b
frame_2110.jpg,7a
frame_1431.jpg,6b+
frame_4549.jpg,6b
frame_3226.jpg,6b+
frame_2138.jpg,4b
frame_3540.jpg,7a+
frame_2886.jpg,7c+
frame_0049.jpg,6a+
frame_1357.jpg,7b
frame_1343.jpg,7a+
frame_3554.jpg,7a+
frame_2892.jpg,6b+
frame_3232.jpg,7b+
frame_1425.jpg,5c
frame_0908.jpg,7a
frame_2879.jpg,7c+
frame_0934.jpg,7a
frame_1394.jpg,7a
frame_3583.jpg,6c
frame_2845.jpg,7a
frame_3597.jpg,7c
frame_2851.jpg,7a
frame_2689.jpg,7a
frame_1380.jpg,7a+
frame_0920.jpg,6c
frame_0918.jpg,8b
frame_2869.jpg,6b+
frame_0924.jpg,7a
frame_1384.jpg,6c
frame_3593.jpg,6a+
frame_2855.jpg,6c
frame_2699.jpg,7c
frame_3587.jpg,6a+
frame_2841.jpg,6b
frame_1390.jpg,7a
frame_0930.jpg,6b+
frame_2114.jpg,5c
frame_4565.jpg,6c
frame_0703.jpg,7b
frame_0065.jpg,6a
frame_4203.jpg,6b
frame_2672.jpg,5c
frame_3578.jpg,7c
frame_4217.jpg,6c
frame_2666.jpg,5b
frame_0071.jpg,7a
frame_0717.jpg,6a
frame_1409.jpg,6a+
frame_2100.jpg,6c
frame_4571.jpg,7a
frame_1421.jpg,6c+
frame_2128.jpg,7a
frame_4559.jpg,7a
frame_3236.jpg,6b+
frame_3550.jpg,7a+
frame_2896.jpg,6c
frame_1347.jpg,7a
frame_0059.jpg,6a
frame_1353.jpg,7b
frame_3544.jpg,7a+
frame_2882.jpg,4c
frame_3222.jpg,5a
frame_1435.jpg,6c
frame_3975.jpg,4c
frame_1804.jpg,7b
frame_1810.jpg,5a
frame_3961.jpg,7a
frame_3791.jpg,6a
frame_3949.jpg,6b+
frame_1186.jpg,7a
frame_0298.jpg,5c
frame_1838.jpg,8c
frame_1192.jpg,6b
frame_3785.jpg,8b
frame_2470.jpg,7a
frame_4001.jpg,6a
frame_0267.jpg,6c
frame_1179.jpg,6b+
frame_0501.jpg,6b
frame_3008.jpg,7a
frame_2316.jpg,6a
frame_2302.jpg,6b+
frame_0515.jpg,7a+
frame_0273.jpg,6b+
frame_2464.jpg,6c+
frame_4015.jpg,7b
frame_1145.jpg,7b
frame_3752.jpg,6c+
frame_3034.jpg,6a
frame_1623.jpg,6c+
frame_1637.jpg,8c
frame_0529.jpg,7c
frame_3020.jpg,6a+
frame_2458.jpg,6a
frame_4029.jpg,4b
frame_3746.jpg,6a+
frame_1151.jpg,6c+
frame_3801.jpg,7b+
frame_1970.jpg,6c
frame_1964.jpg,6a+
frame_3815.jpg,6c
frame_1794.jpg,5c
frame_3183.jpg,7a+
frame_3197.jpg,6b
frame_2289.jpg,7a+
frame_1780.jpg,7c
frame_1958.jpg,7a
frame_3829.jpg,7b
frame_4175.jpg,7a+
frame_2504.jpg,7a+
frame_0313.jpg,7a
frame_0475.jpg,4c
frame_2262.jpg,6c
frame_4613.jpg,7b
frame_2276.jpg,6b
frame_4607.jpg,7b
frame_3168.jpg,7a
frame_0461.jpg,6a+
frame_1019.jpg,7a
frame_0307.jpg,5a
frame_4161.jpg,4b
frame_2510.jpg,7b
frame_1031.jpg,6b
frame_3626.jpg,7b
frame_4149.jpg,6c
frame_2538.jpg,6a
frame_3140.jpg,6c+
frame_0449.jpg,6b+
frame_1757.jpg,7b
frame_1743.jpg,6c+
frame_3154.jpg,6b+
frame_3632.jpg,6a
frame_1025.jpg,7c+
frame_2909.jpg,8c
frame_0878.jpg,7b
frame_3381.jpg,7b+
frame_0688.jpg,6c+
frame_1596.jpg,7a+
frame_0850.jpg,6b
frame_2921.jpg,7a+
frame_4388.jpg,6c+
frame_2935.jpg,7a+
frame_1582.jpg,7b+
frame_0844.jpg,7a+
frame_3395.jpg,7b
frame_4411.jpg,5b
frame_2060.jpg,7b+
frame_1569.jpg,6b
frame_0677.jpg,7b+
frame_0111.jpg,7a
frame_2706.jpg,7a+
frame_4377.jpg,6b
frame_3418.jpg,5a
frame_2712.jpg,4a
frame_4363.jpg,7b
frame_0105.jpg,7a
frame_0663.jpg,7a+
frame_4405.jpg,4a
frame_2074.jpg,7a+
frame_1555.jpg,7a+
frame_0893.jpg,7c
frame_3342.jpg,6c+
frame_3424.jpg,7a+
frame_1233.jpg,6a+
frame_0139.jpg,5b
frame_1227.jpg,6b+
frame_3430.jpg,7a
frame_3356.jpg,7c
frame_4439.jpg,5c
frame_2048.jpg,6a
frame_1541.jpg,6b
frame_0887.jpg,7a+
frame_3431.jpg,7c
frame_1226.jpg,7a+
frame_0138.jpg,6b
frame_0886.jpg,6c
frame_1540.jpg,7a
frame_2049.jpg,7a
frame_4438.jpg,6c+
frame_3357.jpg,7b
frame_3343.jpg,6c
frame_0892.jpg,7b
frame_1554.jpg,7a
frame_1232.jpg,7b
frame_3425.jpg,8c
frame_0104.jpg,6c
frame_4362.jpg,7a+
frame_2713.jpg,4a
frame_2075.jpg,7b+
frame_4404.jpg,5a
frame_0662.jpg,6c+
frame_0676.jpg,6a
frame_1568.jpg,6a
frame_2061.jpg,7a
frame_4410.jpg,6a+
frame_3419.jpg,5b
frame_4376.jpg,7b
frame_2707.jpg,6b
frame_0110.jpg,6b+
frame_2934.jpg,7b
frame_3394.jpg,5a
frame_0845.jpg,7a
frame_1583.jpg,4a
frame_0851.jpg,7a
frame_1597.jpg,5a
frame_0689.jpg,5c
frame_3380.jpg,7a
frame_4389.jpg,6b+
frame_2920.jpg,4b
frame_2908.jpg,7b
frame_0879.jpg,4b
frame_3155.jpg,7a
frame_1742.jpg,6c+
frame_1024.jpg,6c+
frame_3633.jpg,6a+
frame_2539.jpg,6b
frame_4148.jpg,7c+
frame_3627.jpg,6a+
frame_1030.jpg,7a+
frame_1756.jpg,6b+
frame_0448.jpg,6b
frame_3141.jpg,7a+
frame_0460.jpg,4b
frame_3169.jpg,7b
frame_4606.jpg,7a
frame_2277.jpg,7c+
frame_2511.jpg,6b
frame_4160.jpg,7b
frame_0306.jpg,6b
frame_1018.jpg,6b
frame_0312.jpg,7a+
frame_2505.jpg,8a
frame_4174.jpg,6c
frame_4612.jpg,7b
frame_2263.jpg,7a
frame_0474.jpg,6c+
frame_1959.jpg,7b
frame_1781.jpg,6b
frame_2288.jpg,6b
frame_3196.jpg,7b
frame_3828.jpg,5b
frame_3182.jpg,7c+
frame_1795.jpg,6c+
frame_1965.jpg,8a
frame_3814.jpg,6b
frame_3800.jpg,6a
frame_1971.jpg,6b
frame_3021.jpg,6a+
frame_0528.jpg,7b
frame_1636.jpg,6c
frame_1150.jpg,7b+
frame_3747.jpg,6b+
frame_4028.jpg,6c
frame_2459.jpg,4b
frame_3753.jpg,7b
frame_1144.jpg,7a+
frame_1622.jpg,7a+
frame_3035.jpg,6c
frame_0514.jpg,6c
frame_2303.jpg,7b
frame_4014.jpg,6a
frame_2465.jpg,7a
frame_0272.jpg,6b
frame_1178.jpg,5b
frame_0266.jpg,6c+
frame_4000.jpg,7b
frame_2471.jpg,6a+
frame_2317.jpg,7c+
frame_3009.jpg,8a
frame_0500.jpg,6b+
frame_3784.jpg,7a
frame_1193.jpg,6c+
frame_0299.jpg,7c
frame_1187.jpg,6a+
frame_3948.jpg,7b+
frame_3790.jpg,6b+
frame_1839.jpg,6c
frame_1811.jpg,7c
frame_3960.jpg,6c+
frame_3974.jpg,7c
frame_1805.jpg,7a+
frame_2883.jpg,7a+
frame_3545.jpg,7a+
frame_1352.jpg,4c
frame_1434.jpg,4c
frame_3223.jpg,4a
frame_3237.jpg,7a+
frame_4558.jpg,5a
frame_2129.jpg,6a
frame_1420.jpg,5c
frame_0058.jpg,7a
frame_1346.jpg,7c+
frame_2897.jpg,6b
frame_3551.jpg,7a+
frame_0070.jpg,4a
frame_2667.jpg,7b
frame_4216.jpg,6a+
frame_3579.jpg,6b
frame_4570.jpg,5a
frame_2101.jpg,5a
frame_1408.jpg,6a
frame_0716.jpg,7a+
frame_0702.jpg,6b
frame_4564.jpg,5b
frame_2115.jpg,6a
frame_2673.jpg,4c
frame_4202.jpg,6c+
frame_0064.jpg,7a
frame_1391.jpg,7a
frame_2840.jpg,8b
frame_3586.jpg,7a
frame_2698.jpg,7c+
frame_0931.jpg,7a
frame_0925.jpg,7a
frame_2854.jpg,7b
frame_3592.jpg,6b
frame_1385.jpg,6a+
frame_0919.jpg,8a
frame_2868.jpg,6c+
frame_0933.jpg,7a
frame_3584.jpg,7a+
frame_2842.jpg,7a
frame_1393.jpg,6c
frame_0099.jpg,7a
frame_1387.jpg,6b+
frame_3590.jpg,7a+
frame_2856.jpg,7b
frame_4599.jpg,6c
frame_0927.jpg,7a
frame_0714.jpg,8a
frame_2103.jpg,6a+
frame_4572.jpg,6a+
frame_4214.jpg,5a
frame_2665.jpg,7a+
frame_0072.jpg,6b
frame_1378.jpg,5c
frame_0066.jpg,7a
frame_4200.jpg,7c+
frame_2671.jpg,7a+
frame_2117.jpg,4b
frame_4566.jpg,5b
frame_3209.jpg,7b
frame_0700.jpg,7a+
frame_3221.jpg,6c
frame_0728.jpg,7a
frame_1436.jpg,6b
frame_1350.jpg,7a
frame_3547.jpg,7a+
frame_4228.jpg,7b
frame_2881.jpg,7a+
frame_2659.jpg,6b+
frame_3553.jpg,7a+
frame_2895.jpg,7a
frame_1344.jpg,6b+
frame_1422.jpg,7a+
frame_3235.jpg,7a
frame_3962.jpg,6a+
frame_1813.jpg,6c
frame_1807.jpg,7b+
frame_3976.jpg,6b
frame_1191.jpg,7a+
frame_3786.jpg,7b
frame_2498.jpg,6c+
frame_3792.jpg,4b
frame_1185.jpg,6a+
frame_0270.jpg,6a+
frame_2467.jpg,6b+
frame_4016.jpg,7b
frame_3779.jpg,6c+
frame_2301.jpg,6c+
frame_1608.jpg,7b
frame_0516.jpg,6c
frame_0502.jpg,6a
frame_2315.jpg,6a
frame_2473.jpg,6c+
frame_4002.jpg,7c
frame_0264.jpg,7a+
frame_3745.jpg,7a
frame_1152.jpg,7c+
frame_1634.jpg,6a+
frame_3023.jpg,4c
frame_3037.jpg,7a+
frame_2329.jpg,6c
frame_1620.jpg,6a
frame_0258.jpg,7a+
frame_1146.jpg,4b
frame_3989.jpg,7c
frame_3751.jpg,6c
frame_3816.jpg,4c
frame_1967.jpg,4c
frame_1973.jpg,6c+
frame_3802.jpg,7b
frame_3194.jpg,4a
frame_1783.jpg,5b
frame_1797.jpg,6c+
frame_0489.jpg,6a+
frame_3180.jpg,6c
frame_4189.jpg,6c
frame_0304.jpg,7a
frame_4162.jpg,6a
frame_2513.jpg,7a
frame_2275.jpg,7b
frame_4604.jpg,6b+
frame_0462.jpg,7b
frame_0476.jpg,7c+
frame_1768.jpg,7a
frame_2261.jpg,7b
frame_4610.jpg,6b
frame_3619.jpg,5c
frame_4176.jpg,7a
frame_2507.jpg,7c
frame_0310.jpg,6c
frame_3631.jpg,6a+
frame_1026.jpg,5a
frame_0338.jpg,7b
frame_1998.jpg,7a
frame_1740.jpg,6c
frame_2249.jpg,4b
frame_4638.jpg,7a
frame_3157.jpg,4b
frame_3143.jpg,7c+
frame_1754.jpg,7b
frame_1032.jpg,7a
frame_3625.jpg,7a
frame_1581.jpg,6c
frame_0847.jpg,7a
frame_2088.jpg,7c+
frame_3396.jpg,6a
frame_2936.jpg,5b
frame_2922.jpg,6c+
frame_3382.jpg,8b
frame_1595.jpg,4b
frame_0853.jpg,7a
frame_0660.jpg,4a
frame_3369.jpg,4b
frame_4406.jpg,7b
frame_2077.jpg,7c+
frame_2711.jpg,4a
frame_4360.jpg,6a
frame_0106.jpg,4a
frame_1218.jpg,6a
frame_0112.jpg,7b+
frame_2705.jpg,7c
frame_4374.jpg,5b
frame_4412.jpg,7a
frame_2063.jpg,7a+
frame_0674.jpg,6b
frame_3355.jpg,7a+
frame_1542.jpg,5c
frame_0884.jpg,6b
frame_1224.jpg,7a
frame_3433.jpg,5c
frame_2739.jpg,6c+
frame_4348.jpg,7a+
frame_3427.jpg,7b+
frame_1230.jpg,6b+
frame_1556.jpg,7a
frame_0890.jpg,6b+
frame_0648.jpg,7a
frame_3341.jpg,7b
frame_1231.jpg,5b
frame_3426.jpg,6c+
frame_4349.jpg,7a+
frame_2738.jpg,7b+
frame_3340.jpg,7a
frame_0649.jpg,6a
frame_0891.jpg,6c
frame_1557.jpg,7b
frame_0885.jpg,6a+
frame_1543.jpg,7c
frame_3354.jpg,7c
frame_3432.jpg,6a
frame_1225.jpg,6b
frame_4375.jpg,6b
frame_2704.jpg,7a
frame_0113.jpg,6a
frame_0675.jpg,6b+
frame_2062.jpg,7a
frame_4413.jpg,7c
frame_2076.jpg,7b+
frame_4407.jpg,7b
frame_3368.jpg,6c+
frame_0661.jpg,7b
frame_1219.jpg,6c+
frame_0107.jpg,7b
frame_4361.jpg,6a+
frame_2710.jpg,4a
frame_2923.jpg,5b
frame_0852.jpg,8b
frame_1594.jpg,7a
frame_3383.jpg,6b+
frame_3397.jpg,6b+
frame_2089.jpg,6b+
frame_0846.jpg,7c
frame_1580.jpg,7a
frame_2937.jpg,7b+
frame_1755.jpg,6b
frame_3142.jpg,6b+
frame_3624.jpg,6a
frame_1033.jpg,7a
frame_0339.jpg,7a
frame_1027.jpg,6c
frame_3630.jpg,6c+
frame_3156.jpg,7b+
frame_4639.jpg,7b
frame_2248.jpg,6c
frame_1741.jpg,6b+
frame_1999.jpg,5c
frame_4611.jpg,6a
frame_2260.jpg,6a
frame_1769.jpg,4b
frame_0477.jpg,7c
frame_0311.jpg,5c
frame_2506.jpg,7a
frame_4177.jpg,7a+
frame_3618.jpg,7b+
frame_2512.jpg,7a
frame_4163.jpg,5c
frame_0305.jpg,6c+
frame_0463.jpg,5b
frame_4605.jpg,5a
frame_2274.jpg,5a
frame_3181.jpg,6b+
frame_0488.jpg,6a
frame_1796.jpg,6a
frame_4188.jpg,6c
frame_1782.jpg,6c
frame_3195.jpg,6c
frame_1972.jpg,6b
frame_3803.jpg,6b+
frame_3817.jpg,6b
frame_1966.jpg,5c
frame_1621.jpg,7b
frame_2328.jpg,5a
frame_3036.jpg,6a
frame_3750.jpg,6c
frame_3988.jpg,6a
frame_1147.jpg,6a+
frame_0259.jpg,6b+
frame_1153.jpg,7a
frame_3744.jpg,6c+
frame_3022.jpg,6c
frame_1635.jpg,7a
frame_2314.jpg,5c
frame_0503.jpg,6c
frame_0265.jpg,5c
frame_4003.jpg,7a
frame_2472.jpg,5a
frame_3778.jpg,5a
frame_4017.jpg,7c+
frame_2466.jpg,7b
frame_0271.jpg,7a
frame_0517.jpg,5c
frame_1609.jpg,6a
frame_2300.jpg,6b
frame_1184.jpg,6c+
frame_3793.jpg,6c
frame_2499.jpg,6a
frame_3787.jpg,6b+
frame_1190.jpg,6b
frame_1806.jpg,6b
frame_3977.jpg,7a
frame_3963.jpg,7b
frame_1812.jpg,6a
frame_1345.jpg,7c
frame_2894.jpg,7a+
frame_3552.jpg,7a+
frame_3234.jpg,6a
frame_1423.jpg,6b+
frame_1437.jpg,5c
frame_0729.jpg,6c
frame_3220.jpg,7a
frame_2658.jpg,7c+
frame_2880.jpg,4c
frame_4229.jpg,7b
frame_3546.jpg,7a+
frame_1351.jpg,7c
frame_2670.jpg,7a+
frame_4201.jpg,6a+
frame_0067.jpg,7a+
frame_1379.jpg,6a
frame_0701.jpg,6a+
frame_3208.jpg,7b
frame_4567.jpg,6b
frame_2116.jpg,7a+
frame_4573.jpg,8b
frame_2102.jpg,7c
frame_0715.jpg,7c
frame_0073.jpg,7a+
frame_2664.jpg,4c
frame_4215.jpg,7a
frame_2857.jpg,6c+
frame_3591.jpg,7a+
frame_1386.jpg,6c
frame_0098.jpg,6b
frame_0926.jpg,6c
frame_4598.jpg,7a
frame_0932.jpg,6a+
frame_1392.jpg,7b
frame_2843.jpg,7a+
frame_3585.jpg,7b
frame_2866.jpg,6c
frame_0917.jpg,5a
frame_0903.jpg,6c
frame_2872.jpg,6b
frame_2682.jpg,6c
frame_0095.jpg,7b
frame_4595.jpg,7b
frame_4581.jpg,7a
frame_0081.jpg,6b+
frame_2696.jpg,7b
frame_3588.jpg,7a
frame_3563.jpg,7c
frame_1374.jpg,7a+
frame_1412.jpg,7a
frame_3205.jpg,7a
frame_3211.jpg,7b
frame_0718.jpg,6a
frame_1406.jpg,7a
frame_1360.jpg,7b
frame_4218.jpg,6c
frame_3577.jpg,6a
frame_2669.jpg,7b+
frame_1348.jpg,7b
frame_0056.jpg,6c
frame_2899.jpg,7b
frame_4230.jpg,7b
frame_2641.jpg,6c+
frame_2127.jpg,4a
frame_3239.jpg,6c
frame_4556.jpg,6a
frame_0730.jpg,6b+
frame_0724.jpg,6a
frame_2133.jpg,7c
frame_4542.jpg,8b
frame_4224.jpg,7b
frame_2655.jpg,6a
frame_0042.jpg,7a
frame_1837.jpg,7a
frame_1189.jpg,7c+
frame_0297.jpg,7b+
frame_3946.jpg,7a
frame_2480.jpg,7c
frame_3952.jpg,7c+
frame_2494.jpg,6a
frame_0283.jpg,5c
frame_1823.jpg,6c
frame_3007.jpg,7a
frame_2319.jpg,6c
frame_1610.jpg,7a
frame_0268.jpg,6c
frame_1176.jpg,4b
frame_3761.jpg,7b+
frame_3775.jpg,6b+
frame_1162.jpg,7a
frame_1604.jpg,5b
frame_3013.jpg,6c+
frame_0532.jpg,6b
frame_2325.jpg,5a
frame_3985.jpg,6a
frame_2443.jpg,5a
frame_4032.jpg,5c
frame_0254.jpg,8b
frame_0240.jpg,6a
frame_3991.jpg,7b+
frame_2457.jpg,6b
frame_3749.jpg,5b
frame_4026.jpg,7a+
frame_4740.jpg,6c
frame_2331.jpg,7a
frame_1638.jpg,7b
frame_0526.jpg,7b
frame_2292.jpg,6a
frame_1943.jpg,7a+
frame_0485.jpg,7c
frame_3832.jpg,7a
frame_4185.jpg,6a+
frame_3826.jpg,7a+
frame_4191.jpg,6a
frame_1957.jpg,6a+
frame_0491.jpg,7c
frame_3198.jpg,6b+
frame_2286.jpg,7b+
frame_3173.jpg,4b
frame_1764.jpg,6b
frame_1002.jpg,6c+
frame_3615.jpg,7b
frame_3601.jpg,7b
frame_1016.jpg,6c
frame_0308.jpg,4b
frame_1770.jpg,6b+
frame_2279.jpg,5b
frame_3167.jpg,6b
frame_4608.jpg,7a
frame_1980.jpg,7c+
frame_0446.jpg,6b
frame_1758.jpg,7a+
frame_2251.jpg,7b+
frame_4620.jpg,7a
frame_4146.jpg,7b
frame_3629.jpg,6c
frame_2537.jpg,6c
frame_0320.jpg,5a
frame_0334.jpg,6a
frame_4152.jpg,8c
frame_2523.jpg,7a
frame_2245.jpg,5a
frame_4634.jpg,8c
frame_1994.jpg,7c+
frame_0452.jpg,6a+
frame_2912.jpg,7c
frame_0863.jpg,4a
frame_0877.jpg,7b
frame_2906.jpg,6c+
frame_4387.jpg,4c
frame_0687.jpg,6b
frame_1599.jpg,7c
frame_2090.jpg,6b
frame_2084.jpg,6c
frame_0693.jpg,7c
frame_4393.jpg,6c
frame_2709.jpg,4a
frame_3417.jpg,6c
frame_4378.jpg,6c+
frame_1200.jpg,7a+
frame_1566.jpg,7a
frame_0678.jpg,6b
frame_3371.jpg,7a+
frame_3365.jpg,7b+
frame_1572.jpg,7b
frame_1214.jpg,7b
frame_3403.jpg,6b
frame_0122.jpg,7a+
frame_2735.jpg,6a+
frame_4344.jpg,7a+
frame_4422.jpg,6b
frame_2053.jpg,6b
frame_0644.jpg,7a+
frame_0888.jpg,6c
frame_0650.jpg,5a
frame_4436.jpg,8b
frame_3359.jpg,7a+
frame_2047.jpg,7b
frame_2721.jpg,6b
frame_4350.jpg,7b
frame_0136.jpg,6b
frame_1228.jpg,5a
frame_2046.jpg,6c
frame_3358.jpg,4b
frame_4437.jpg,7b+
frame_0651.jpg,4c
frame_0889.jpg,5b
frame_1229.jpg,4b
frame_0137.jpg,7a+
frame_4351.jpg,7c
frame_2720.jpg,8c
frame_4345.jpg,7a
frame_2734.jpg,6a
frame_0123.jpg,6a+
frame_0645.jpg,7a+
frame_2052.jpg,6c
frame_4423.jpg,6c
frame_1573.jpg,7b+
frame_3364.jpg,6b+
frame_3402.jpg,7a
frame_1215.jpg,6a
frame_1201.jpg,6c
frame_4379.jpg,5c
frame_3416.jpg,4c
frame_2708.jpg,4a
frame_3370.jpg,6c
frame_0679.jpg,5c
frame_1567.jpg,7a
frame_0692.jpg,6a
frame_2085.jpg,6a+
frame_4392.jpg,4a
frame_4386.jpg,5c
frame_2091.jpg,6c
frame_1598.jpg,8c
frame_0686.jpg,6c
frame_0876.jpg,5c
frame_2907.jpg,6c
frame_2913.jpg,7c
frame_0862.jpg,5b
frame_2522.jpg,7a
frame_4153.jpg,6c+
frame_0335.jpg,7a
frame_0453.jpg,6b
frame_1995.jpg,6b
frame_4635.jpg,6a
frame_2244.jpg,7a+
frame_4621.jpg,6c+
frame_2250.jpg,7a
frame_1759.jpg,6c
frame_0447.jpg,7b
frame_1981.jpg,5b
frame_0321.jpg,7b
frame_2536.jpg,6c
frame_3628.jpg,6b+
frame_4147.jpg,8c
frame_0309.jpg,7c
frame_1017.jpg,7a
frame_3600.jpg,5b
frame_4609.jpg,7b
frame_3166.jpg,4c
frame_2278.jpg,8a
frame_1771.jpg,5c
frame_1765.jpg,7a
frame_3172.jpg,4c
frame_3614.jpg,6b
frame_1003.jpg,7c
frame_4190.jpg,6c
frame_3827.jpg,7a+
frame_2287.jpg,7a
frame_3199.jpg,7c
frame_0490.jpg,7a+
frame_1956.jpg,6c+
frame_0484.jpg,7c
frame_1942.jpg,6a+
frame_2293.jpg,6b
frame_4184.jpg,7b
frame_3833.jpg,7a+
frame_4027.jpg,7a+
frame_3748.jpg,7a
frame_2456.jpg,7a+
frame_3990.jpg,4c
frame_0241.jpg,7b+
frame_0527.jpg,7a+
frame_1639.jpg,6c
frame_2330.jpg,6c+
frame_4741.jpg,7b
frame_2324.jpg,6c
frame_0533.jpg,5a
frame_0255.jpg,7a+
frame_4033.jpg,6a
frame_2442.jpg,4c
frame_3984.jpg,7b
frame_1163.jpg,7a
frame_3774.jpg,6b
frame_3012.jpg,7b+
frame_1605.jpg,7c+
frame_1611.jpg,7a
frame_2318.jpg,6b+
frame_3006.jpg,7a+
frame_3760.jpg,5c
frame_1177.jpg,6c
frame_0269.jpg,6c
frame_0282.jpg,5b
frame_2495.jpg,6b+
frame_3953.jpg,7a
frame_1822.jpg,6c
frame_1836.jpg,6b
frame_2481.jpg,7a
frame_3947.jpg,6b
frame_0296.jpg,6a
frame_1188.jpg,7b
frame_4543.jpg,6b
frame_2132.jpg,7a+
frame_0725.jpg,5b
frame_0043.jpg,6c
frame_2654.jpg,6c
frame_4225.jpg,7b
frame_2640.jpg,7b+
frame_4231.jpg,7a+
frame_2898.jpg,4a
frame_0057.jpg,6c+
frame_1349.jpg,6b
frame_0731.jpg,6a
frame_4557.jpg,5b
frame_3238.jpg,7b
frame_2126.jpg,5c
frame_1407.jpg,7c
frame_0719.jpg,4b
frame_3210.jpg,7c
frame_2668.jpg,5b
frame_3576.jpg,6b
frame_4219.jpg,7b
frame_1361.jpg,7c+
frame_1375.jpg,5c
frame_3562.jpg,7c
frame_3204.jpg,7b+
frame_1413.jpg,6b
frame_4580.jpg,6b
frame_3589.jpg,6c+
frame_2697.jpg,7a+
frame_0080.jpg,7a
frame_0094.jpg,4b
frame_2683.jpg,5c
frame_4594.jpg,7b
frame_0902.jpg,7a
frame_2873.jpg,6a
frame_2867.jpg,6b
frame_0916.jpg,5c
frame_2871.jpg,6a
frame_0900.jpg,7b+
frame_0914.jpg,6a
frame_2865.jpg,6a
frame_0082.jpg,6c
frame_2695.jpg,4b
frame_4582.jpg,7a
frame_0928.jpg,7a+
frame_4596.jpg,7a+
frame_2681.jpg,5c
frame_2859.jpg,6a+
frame_0096.jpg,7a+
frame_1388.jpg,7a
frame_1363.jpg,6c
frame_3574.jpg,7a
frame_3212.jpg,8a
frame_1405.jpg,6c
frame_1411.jpg,7c+
frame_2118.jpg,6b
frame_3206.jpg,6c+
frame_4569.jpg,7a+
frame_3560.jpg,7a+
frame_1377.jpg,7a
frame_0069.jpg,7a+
frame_4227.jpg,7b
frame_3548.jpg,7a+
frame_2656.jpg,6b
frame_0041.jpg,6a
frame_0727.jpg,7a
frame_1439.jpg,7a+
frame_2130.jpg,6a+
frame_4541.jpg,5b
frame_2124.jpg,7b
frame_4555.jpg,6b
frame_0733.jpg,6a+
frame_0055.jpg,6a
frame_4233.jpg,7a+
frame_2642.jpg,7a
frame_3979.jpg,7a
frame_1808.jpg,6c+
frame_1820.jpg,6b+
frame_3789.jpg,7b+
frame_3951.jpg,6a+
frame_2497.jpg,6b+
frame_0280.jpg,6a
frame_0294.jpg,6a+
frame_3945.jpg,7b+
frame_2483.jpg,7b+
frame_1834.jpg,7a
frame_1607.jpg,7a+
frame_0519.jpg,7b
frame_3010.jpg,6a
frame_2468.jpg,5a
frame_3776.jpg,6b+
frame_4019.jpg,5c
frame_1161.jpg,5c
frame_1175.jpg,6a
frame_3762.jpg,7c
frame_3004.jpg,6b
frame_1613.jpg,5a
frame_4743.jpg,7b+
frame_2332.jpg,7b
frame_0525.jpg,6a
frame_0243.jpg,6a
frame_3992.jpg,6b
frame_2454.jpg,6b
frame_4025.jpg,6c
frame_3986.jpg,6c+
frame_2440.jpg,8c
frame_4031.jpg,6c+
frame_0257.jpg,7a+
frame_1149.jpg,7b
frame_0531.jpg,6b+
frame_3038.jpg,6b+
frame_2326.jpg,7b
frame_1968.jpg,7a
frame_3819.jpg,7a
frame_1954.jpg,7a
frame_0492.jpg,6c
frame_2285.jpg,7a
frame_3825.jpg,6b+
frame_4192.jpg,7a
frame_3831.jpg,8c
frame_4186.jpg,7a+
frame_2291.jpg,6a
frame_1798.jpg,6a
frame_1940.jpg,4a
frame_0486.jpg,6c
frame_1773.jpg,7a
frame_3164.jpg,6a+
frame_3602.jpg,5c
frame_1015.jpg,7a
frame_1001.jpg,6b+
frame_4179.jpg,7b
frame_3616.jpg,7c+
frame_2508.jpg,6a+
frame_3170.jpg,6c+
frame_0479.jpg,7a
frame_1767.jpg,5b
frame_2246.jpg,7b
frame_3158.jpg,7a
frame_4637.jpg,7c
frame_1997.jpg,6b
frame_0451.jpg,6c
frame_1029.jpg,7b
frame_0337.jpg,6c+
frame_4151.jpg,7c
frame_2520.jpg,7c
frame_4145.jpg,6c+
frame_2534.jpg,6b+
frame_0323.jpg,7a+
frame_1983.jpg,6b
frame_0445.jpg,4b
frame_2252.jpg,7c
frame_4623.jpg,6c
frame_2905.jpg,6a
frame_0874.jpg,8b
frame_0860.jpg,6b
frame_2911.jpg,7c
frame_4390.jpg,6a+
frame_2939.jpg,7a
frame_2087.jpg,7c
frame_3399.jpg,6a
frame_0690.jpg,5c
frame_0848.jpg,7c
frame_0684.jpg,6c
frame_2093.jpg,5c
frame_4384.jpg,6b+
frame_0109.jpg,6a
frame_1217.jpg,6c
frame_3400.jpg,7c
frame_4409.jpg,7a+
frame_3366.jpg,6a+
frame_2078.jpg,6b+
frame_1571.jpg,6b+
frame_1565.jpg,7a
frame_3372.jpg,6a+
frame_3414.jpg,6b
frame_1203.jpg,6a
frame_2722.jpg,6b
frame_4353.jpg,6b
frame_0135.jpg,7b
frame_0653.jpg,4b
frame_4435.jpg,6c
frame_2044.jpg,7a
frame_4421.jpg,6a+
frame_2050.jpg,6c
frame_1559.jpg,6b
frame_0647.jpg,7b
frame_0121.jpg,7b
frame_2736.jpg,5c
frame_3428.jpg,5c
frame_4347.jpg,5b
frame_0646.jpg,7c
frame_1558.jpg,6c+
frame_2051.jpg,6a
frame_4420.jpg,6b
frame_4346.jpg,7b
frame_3429.jpg,6a
frame_2737.jpg,6b
frame_0120.jpg,7b
frame_0134.jpg,6c+
frame_4352.jpg,7c
frame_2723.jpg,7a
frame_2045.jpg,7c+
frame_4434.jpg,5c
frame_0652.jpg,7b
frame_3373.jpg,6a
frame_1564.jpg,6c
frame_1202.jpg,7b
frame_3415.jpg,6b
frame_3401.jpg,6c+
frame_1216.jpg,7b
frame_0108.jpg,5a
frame_1570.jpg,6c
frame_2079.jpg,7a
frame_3367.jpg,4c
frame_4408.jpg,5a
frame_2092.jpg,7b
frame_0685.jpg,7b
frame_4385.jpg,7a+
frame_2938.jpg,4c
frame_4391.jpg,6a
frame_0849.jpg,7a
frame_0691.jpg,6b
frame_3398.jpg,7a+
frame_2086.jpg,6c+
frame_0861.jpg,6a
frame_2910.jpg,7a
frame_2904.jpg,7a+
frame_0875.jpg,4b
frame_0322.jpg,6c+
frame_2535.jpg,4a
frame_4144.jpg,7b+
frame_4622.jpg,5c
frame_2253.jpg,7a
frame_0444.jpg,6c
frame_1982.jpg,7a+
frame_0450.jpg,6c+
frame_1996.jpg,6c+
frame_4636.jpg,7a
frame_3159.jpg,7b
frame_2247.jpg,7a
frame_2521.jpg,7c
frame_4150.jpg,4b
frame_0336.jpg,7a
frame_1028.jpg,6a
frame_2509.jpg,8c
frame_3617.jpg,7b
frame_4178.jpg,6c
frame_1000.jpg,7a+
frame_1766.jpg,6c
frame_0478.jpg,7a
frame_3171.jpg,7a
frame_3165.jpg,6a+
frame_1772.jpg,6a
frame_1014.jpg,6b
frame_3603.jpg,7a
frame_4187.jpg,6c
frame_3830.jpg,6a+
frame_0487.jpg,6a
frame_1941.jpg,7b
frame_1799.jpg,6a
frame_2290.jpg,7a
frame_2284.jpg,7a+
frame_0493.jpg,5b
frame_1955.jpg,7b
frame_4193.jpg,6a+
frame_3824.jpg,6a+
frame_1969.jpg,5b
frame_3818.jpg,6a+
frame_1148.jpg,7b+
frame_0256.jpg,6c
frame_4030.jpg,5b
frame_2441.jpg,5a
frame_3987.jpg,6b
frame_2327.jpg,6b+
frame_3039.jpg,7a+
frame_0530.jpg,7b
frame_0524.jpg,4b
frame_2333.jpg,6c+
frame_4742.jpg,6b
frame_4024.jpg,4b
frame_2455.jpg,6b
frame_3993.jpg,7c
frame_0242.jpg,6b
frame_3763.jpg,7a+
frame_1174.jpg,7a+
frame_1612.jpg,7c
frame_3005.jpg,6c
frame_3011.jpg,7c+
frame_0518.jpg,6c+
frame_1606.jpg,7c+
frame_1160.jpg,7a+
frame_4018.jpg,7a+
frame_3777.jpg,7b
frame_2469.jpg,7a+
frame_2482.jpg,6b+
frame_3944.jpg,6c
frame_0295.jpg,8c
frame_1835.jpg,6b+
frame_1821.jpg,6a
frame_0281.jpg,5c
frame_2496.jpg,6c+
frame_3950.jpg,7c
frame_3788.jpg,7c+
frame_3978.jpg,6c
frame_1809.jpg,6a+
frame_0732.jpg,6b+
frame_4554.jpg,7a+
frame_2125.jpg,6a
frame_2643.jpg,7a+
frame_4232.jpg,7a+
frame_0054.jpg,7a
frame_0040.jpg,6c
frame_2657.jpg,7c+
frame_3549.jpg,7a+
frame_4226.jpg,7b
frame_4540.jpg,6b
frame_2131.jpg,7b
frame_1438.jpg,6a
frame_0726.jpg,7a
frame_4568.jpg,7a
frame_3207.jpg,5c
frame_2119.jpg,7a+
frame_1410.jpg,6a
frame_0068.jpg,6a
frame_1376.jpg,5c
frame_3561.jpg,7a+
frame_3575.jpg,7c+
frame_1362.jpg,6a
frame_1404.jpg,7c
frame_3213.jpg,6c+
frame_4597.jpg,7a
frame_0929.jpg,7a+
frame_1389.jpg,7b
frame_0097.jpg,7a
frame_2858.jpg,6a
frame_2680.jpg,6c
frame_2694.jpg,7b+
frame_0083.jpg,6a
frame_4583.jpg,7b+
frame_0915.jpg,6b+
frame_2864.jpg,6c
frame_2870.jpg,7b
frame_0901.jpg,7c+
frame_4587.jpg,7a+
frame_0939.jpg,4b
frame_0087.jpg,6c
frame_1399.jpg,7a
frame_2690.jpg,7b
frame_2848.jpg,7a+
frame_2684.jpg,6b
frame_0093.jpg,5c
frame_4593.jpg,7c+
frame_0905.jpg,6b
frame_2874.jpg,7a
frame_2860.jpg,5c
frame_0911.jpg,6c+
frame_0722.jpg,5b
frame_2135.jpg,6c+
frame_4544.jpg,6a
frame_4222.jpg,7b
frame_2653.jpg,7a+
frame_0044.jpg,6a
frame_0050.jpg,6c
frame_3559.jpg,7a+
frame_4236.jpg,7b+
frame_2647.jpg,4a
frame_2121.jpg,5c
frame_4550.jpg,7a
frame_0736.jpg,6b
frame_1428.jpg,5c
frame_2109.jpg,6a
frame_4578.jpg,6c
frame_3217.jpg,4b
frame_1400.jpg,7a+
frame_1366.jpg,7a
frame_0078.jpg,7a+
frame_3571.jpg,5b
frame_3565.jpg,6b
frame_1372.jpg,6a
frame_1414.jpg,6c
frame_3203.jpg,6b
frame_2492.jpg,7b
frame_3954.jpg,7c
frame_0285.jpg,5c
frame_1825.jpg,8c
frame_1831.jpg,7c+
frame_0291.jpg,7c
frame_3798.jpg,6a
frame_2486.jpg,6c+
frame_3940.jpg,6c
frame_3968.jpg,7b+
frame_1819.jpg,7b+
frame_0246.jpg,6c
frame_1158.jpg,7a+
frame_2451.jpg,6c
frame_3997.jpg,7a+
frame_4020.jpg,5a
frame_3029.jpg,4b
frame_2337.jpg,7c
frame_0520.jpg,6c
frame_0534.jpg,6a+
frame_2323.jpg,7a+
frame_2445.jpg,7a+
frame_3983.jpg,6b+
frame_4034.jpg,6c+
frame_0252.jpg,6c
frame_3773.jpg,6a
frame_1164.jpg,6a
frame_1602.jpg,7a+
frame_3015.jpg,8c
frame_3001.jpg,7a
frame_1616.jpg,5c
frame_0508.jpg,7a
frame_1170.jpg,6b
frame_2479.jpg,6b+
frame_4008.jpg,6b+
frame_3767.jpg,7a+
frame_3820.jpg,7a
frame_4197.jpg,7a
frame_1789.jpg,6a
frame_0497.jpg,7a
frame_1951.jpg,5c
frame_2280.jpg,6b+
frame_2294.jpg,7c+
frame_0483.jpg,6a
frame_1945.jpg,5b
frame_3834.jpg,7a+
frame_4183.jpg,6b
frame_1979.jpg,6a
frame_3808.jpg,6b
frame_0332.jpg,6b
frame_4154.jpg,7a
frame_2525.jpg,7b+
frame_2243.jpg,7b+
frame_4632.jpg,7a+
frame_0454.jpg,7a
frame_1992.jpg,7a+
frame_0440.jpg,7a
frame_1986.jpg,7a+
frame_2257.jpg,5b
frame_4626.jpg,6c
frame_3149.jpg,7a
frame_4140.jpg,7b
frame_2531.jpg,7c+
frame_1038.jpg,6c
frame_0326.jpg,6a
frame_3607.jpg,7a
frame_4168.jpg,6b
frame_2519.jpg,8c
frame_1010.jpg,4b
frame_0468.jpg,7a
frame_1776.jpg,6a+
frame_3161.jpg,6b
frame_3175.jpg,5c
frame_1762.jpg,7b
frame_1004.jpg,4a
frame_3613.jpg,4a
frame_2082.jpg,6a
frame_0695.jpg,6c+
frame_4395.jpg,7b+
frame_4381.jpg,5b
frame_2928.jpg,5b
frame_0681.jpg,7a
frame_0859.jpg,5c
frame_2096.jpg,5a
frame_3388.jpg,5b
frame_0871.jpg,6c
frame_2900.jpg,7b
frame_2914.jpg,7a+
frame_0865.jpg,5c
frame_1548.jpg,7a+
frame_0656.jpg,6b+
frame_4430.jpg,6c
frame_2041.jpg,6a
frame_2727.jpg,7b+
frame_4356.jpg,6b
frame_3439.jpg,6b
frame_0130.jpg,6b
frame_0124.jpg,6a
frame_2733.jpg,6b+
frame_4342.jpg,6c
frame_4424.jpg,7c
frame_2055.jpg,5a
frame_0642.jpg,4c
frame_3363.jpg,7b
frame_1574.jpg,5c
frame_1212.jpg,7a+
frame_3405.jpg,7a
frame_3411.jpg,7a
frame_0118.jpg,6c+
frame_1206.jpg,6a
frame_1560.jpg,7a
frame_3377.jpg,7b+
frame_4418.jpg,6b
frame_2069.jpg,6a
frame_1207.jpg,6c
frame_0119.jpg,7a
frame_3410.jpg,7a+
frame_2068.jpg,5c+
frame_4419.jpg,6c
frame_3376.jpg,6c
frame_1561.jpg,7a
frame_1575.jpg,6a
frame_3362.jpg,7a+
frame_3404.jpg,6c+
frame_1213.jpg,6a
frame_4343.jpg,7a
frame_2732.jpg,5c
frame_0125.jpg,6a
frame_0643.jpg,6b
frame_2054.jpg,7b
frame_4425.jpg,6c
frame_2040.jpg,7a+
frame_4431.jpg,7a
frame_0657.jpg,4c
frame_1549.jpg,7c+
frame_0131.jpg,7b+
frame_3438.jpg,7b+
frame_4357.jpg,6a
frame_2726.jpg,7b
frame_2915.jpg,6c+
frame_0864.jpg,7a
frame_0870.jpg,4a
frame_2901.jpg,7b+
frame_2929.jpg,7a
frame_4380.jpg,7a+
frame_3389.jpg,6b
frame_2097.jpg,5c
frame_0858.jpg,5a
frame_0680.jpg,6c+
frame_0694.jpg,6b
frame_2083.jpg,5b
frame_4394.jpg,7a+
frame_1763.jpg,7b
frame_3174.jpg,6a+
frame_3612.jpg,6b
frame_1005.jpg,6a+
frame_1011.jpg,7c
frame_2518.jpg,6b
frame_4169.jpg,6b
frame_3606.jpg,7a
frame_3160.jpg,6c+
frame_1777.jpg,7b
frame_0469.jpg,7a
frame_3148.jpg,7c+
frame_4627.jpg,5c
frame_2256.jpg,7c+
frame_1987.jpg,6c+
frame_0441.jpg,6c
frame_0327.jpg,4c
frame_1039.jpg,7b+
frame_2530.jpg,7a
frame_4141.jpg,6c+
frame_2524.jpg,6b
frame_4155.jpg,7a+
frame_0333.jpg,6a
frame_1993.jpg,7b
frame_0455.jpg,6a
frame_4633.jpg,4c
frame_2242.jpg,6a
frame_1978.jpg,7b
frame_3809.jpg,7b
frame_1944.jpg,7a
frame_0482.jpg,5c
frame_2295.jpg,7c+
frame_4182.jpg,7b
frame_3835.jpg,7a
frame_4196.jpg,7a
frame_3821.jpg,6a
frame_2281.jpg,7a
frame_1950.jpg,4b
frame_0496.jpg,8a
frame_1788.jpg,7c+
frame_0509.jpg,4c
frame_1617.jpg,6b
frame_3000.jpg,6c
frame_3766.jpg,6c
frame_4009.jpg,7a
frame_2478.jpg,7a+
frame_1171.jpg,6c+
frame_1165.jpg,6a
frame_3772.jpg,6a
frame_3014.jpg,6b+
frame_1603.jpg,7a
frame_2322.jpg,4b
frame_0535.jpg,6a
frame_0253.jpg,7b
frame_4035.jpg,6a+
frame_3982.jpg,7a+
frame_2444.jpg,6a
frame_4021.jpg,7b
frame_3996.jpg,8a+
frame_2450.jpg,7b
frame_1159.jpg,6c
frame_0247.jpg,6b
frame_0521.jpg,7b+
frame_2336.jpg,7a
frame_3028.jpg,6b
frame_3969.jpg,7a+
frame_1818.jpg,7b+
frame_1830.jpg,7a
frame_3941.jpg,7b
frame_2487.jpg,6c
frame_3799.jpg,7a
frame_0290.jpg,7c
frame_0284.jpg,6a+
frame_3955.jpg,7a
frame_2493.jpg,7a
frame_1824.jpg,5c
frame_1373.jpg,7c+
frame_3564.jpg,7a+
frame_3202.jpg,7b+
frame_1415.jpg,6b+
frame_1401.jpg,6b
frame_3216.jpg,7a+
frame_4579.jpg,6b+
frame_2108.jpg,6b+
frame_3570.jpg,6c+
frame_0079.jpg,6c
frame_1367.jpg,5c
frame_2646.jpg,5c
frame_4237.jpg,7a
frame_3558.jpg,7a+
frame_0051.jpg,6b
frame_1429.jpg,7c
frame_0737.jpg,6c
frame_4551.jpg,6a
frame_2120.jpg,6a+
frame_4545.jpg,6b+
frame_2134.jpg,6b
frame_0723.jpg,7a
frame_0045.jpg,6c+
frame_2652.jpg,5c
frame_4223.jpg,7b
frame_2861.jpg,7a
frame_0910.jpg,7a+
frame_0904.jpg,7a+
frame_2875.jpg,6b
frame_0092.jpg,5a
frame_2685.jpg,4a
frame_4592.jpg,6c
frame_0938.jpg,4b
frame_4586.jpg,5c
frame_2849.jpg,7a+
frame_2691.jpg,6c+
frame_1398.jpg,5a
frame_0086.jpg,5b
frame_4590.jpg,6a
frame_2687.jpg,7b
frame_3599.jpg,6b
frame_0090.jpg,7a
frame_0084.jpg,6a+
frame_2693.jpg,6c
frame_4584.jpg,7a+
frame_0912.jpg,6c
frame_2863.jpg,5c
frame_2877.jpg,6c
frame_0906.jpg,4b
frame_2122.jpg,7b+
frame_4553.jpg,7a
frame_0735.jpg,6b
frame_0053.jpg,7b
frame_4235.jpg,7a+
frame_2644.jpg,4c
frame_2888.jpg,7a
frame_4221.jpg,7b
frame_2650.jpg,7a
frame_1359.jpg,6a+
frame_0047.jpg,6b
frame_0721.jpg,6b+
frame_2136.jpg,7c+
frame_4547.jpg,6b+
frame_3228.jpg,7a
frame_0709.jpg,6a+
frame_1417.jpg,5a
frame_3200.jpg,6a
frame_3566.jpg,6a
frame_4209.jpg,5c
frame_2678.jpg,7c+
frame_1371.jpg,7b
frame_1365.jpg,6b+
frame_3572.jpg,6a+
frame_3214.jpg,7a+
frame_1403.jpg,7b+
frame_0292.jpg,4b
frame_2485.jpg,5b
frame_3943.jpg,7b
frame_1832.jpg,6b+
frame_1826.jpg,7b
frame_2491.jpg,7c
frame_3957.jpg,7a+
frame_1198.jpg,5b
frame_0286.jpg,6c
frame_2446.jpg,5b
frame_3980.jpg,6a+
frame_4037.jpg,6b
frame_3758.jpg,6b
frame_0251.jpg,6b+
frame_1629.jpg,7a
frame_0537.jpg,6c+
frame_2320.jpg,4b
frame_2334.jpg,6a
frame_0523.jpg,5c
frame_0245.jpg,6c+
frame_2452.jpg,6a
frame_3994.jpg,6c
frame_4023.jpg,6c
frame_1173.jpg,7b+
frame_3764.jpg,6c
frame_3002.jpg,6a
frame_1615.jpg,7a
frame_1601.jpg,7a
frame_3016.jpg,6b
frame_2308.jpg,6c+
frame_3770.jpg,7c
frame_0279.jpg,7a
frame_1167.jpg,6b
frame_3837.jpg,7a
frame_4180.jpg,6c+
frame_3189.jpg,7b+
frame_2297.jpg,7b
frame_0480.jpg,7a
frame_1946.jpg,7b
frame_0494.jpg,6b
frame_1952.jpg,5a
frame_2283.jpg,4b
frame_3823.jpg,5c
frame_4194.jpg,7a
frame_4143.jpg,6b
frame_2532.jpg,6c+
frame_0325.jpg,6b+
frame_0443.jpg,6a
frame_1985.jpg,6c+
frame_2254.jpg,7b+
frame_4625.jpg,7b
frame_2240.jpg,7c+
frame_4631.jpg,6b
frame_0457.jpg,7b
frame_1991.jpg,7b
frame_1749.jpg,6c+
frame_0331.jpg,5c
frame_3638.jpg,6c
frame_4157.jpg,6c+
frame_2526.jpg,6c+
frame_1007.jpg,7b
frame_0319.jpg,6a+
frame_3610.jpg,7a
frame_2268.jpg,6c
frame_4619.jpg,7a
frame_3176.jpg,5c
frame_1761.jpg,6a
frame_1775.jpg,7a
frame_3162.jpg,7b+
frame_3604.jpg,7b+
frame_1013.jpg,7b
frame_0682.jpg,7c
frame_2095.jpg,6b
frame_4382.jpg,6c+
frame_4396.jpg,6a
frame_2081.jpg,7a
frame_0696.jpg,7c
frame_1588.jpg,7b
frame_0866.jpg,7b
frame_2917.jpg,6a+
frame_2903.jpg,7a+
frame_0872.jpg,6a
frame_3348.jpg,7b
frame_4427.jpg,7a
frame_2056.jpg,6b
frame_0899.jpg,7b+
frame_0641.jpg,6a+
frame_0127.jpg,6c+
frame_1239.jpg,6b
frame_2730.jpg,7a+
frame_4341.jpg,7c
frame_2724.jpg,6b
frame_4355.jpg,7a+
frame_0133.jpg,6b+
frame_0655.jpg,6b
frame_4433.jpg,7c
frame_2042.jpg,6b+
frame_1563.jpg,6a
frame_3374.jpg,6c
frame_3412.jpg,7b+
frame_1205.jpg,7a
frame_1211.jpg,5c
frame_2718.jpg,6c
frame_4369.jpg,6c
frame_3406.jpg,7a
frame_3360.jpg,7b+
frame_1577.jpg,6a
frame_0669.jpg,6b+
frame_3407.jpg,6c
frame_4368.jpg,6c+
frame_2719.jpg,6a+
frame_1210.jpg,6b+
frame_0668.jpg,7b
frame_1576.jpg,5c
frame_3361.jpg,6c
frame_3375.jpg,5b
frame_1562.jpg,6c
frame_1204.jpg,6c
frame_3413.jpg,6a
frame_0132.jpg,7a
frame_4354.jpg,6b
frame_2725.jpg,7a
frame_2043.jpg,7a+
frame_4432.jpg,6b+
frame_0654.jpg,7a
frame_0640.jpg,6b+
frame_0898.jpg,6a
frame_2057.jpg,5b
frame_4426.jpg,7a+
frame_3349.jpg,7b+
frame_4340.jpg,7a
frame_2731.jpg,7b
frame_1238.jpg,6b
frame_0126.jpg,6a+
frame_2902.jpg,6b
frame_0873.jpg,5c
frame_0867.jpg,7c+
frame_2916.jpg,6c
frame_4397.jpg,7a+
frame_1589.jpg,6a
frame_0697.jpg,5a
frame_2080.jpg,6a
frame_2094.jpg,6a
frame_0683.jpg,6a
frame_4383.jpg,4b
frame_3163.jpg,7a
frame_1774.jpg,6c
frame_1012.jpg,6a
frame_3605.jpg,7a
frame_3611.jpg,7a+
frame_0318.jpg,7a
frame_1006.jpg,7b
frame_1760.jpg,7a+
frame_3177.jpg,7a
frame_4618.jpg,5c
frame_2269.jpg,7a
frame_1748.jpg,6c
frame_1990.jpg,6c
frame_0456.jpg,5c
frame_4630.jpg,7b
frame_2241.jpg,7a
frame_2527.jpg,6a+
frame_4156.jpg,6a
frame_3639.jpg,7b
frame_0330.jpg,7a
frame_0324.jpg,6b+
frame_2533.jpg,7c
frame_4142.jpg,7a
frame_4624.jpg,7b
frame_2255.jpg,7a+
frame_1984.jpg,7a
frame_0442.jpg,5c
frame_2282.jpg,6a
frame_1953.jpg,8a
frame_0495.jpg,7b+
frame_4195.jpg,6c
frame_3822.jpg,4a
frame_4181.jpg,8a+
frame_3836.jpg,6b+
frame_1947.jpg,6b
frame_0481.jpg,7a+
frame_2296.jpg,6c
frame_3188.jpg,6a
frame_2309.jpg,6b
frame_3017.jpg,6c+
frame_1600.jpg,6c
frame_1166.jpg,7a
frame_0278.jpg,7c
frame_3771.jpg,6b
frame_3765.jpg,7b+
frame_1172.jpg,4b
frame_1614.jpg,7a+
frame_3003.jpg,6a
frame_0522.jpg,7a
frame_2335.jpg,7b+
frame_4022.jpg,6a
frame_3995.jpg,7a+
frame_2453.jpg,6c
frame_0244.jpg,7a
frame_0250.jpg,6a
frame_3759.jpg,6c
frame_4036.jpg,7a+
frame_3981.jpg,7a
frame_2447.jpg,7c
frame_2321.jpg,6c
frame_0536.jpg,6b+
frame_1628.jpg,7b+
frame_1827.jpg,6c
frame_0287.jpg,6b
frame_1199.jpg,6b
frame_3956.jpg,5b
frame_2490.jpg,7a
frame_3942.jpg,6a
frame_2484.jpg,6c+
frame_0293.jpg,7b
frame_1833.jpg,7c
frame_3573.jpg,6c
frame_1364.jpg,6c
frame_1402.jpg,6b
frame_3215.jpg,6a
frame_3201.jpg,7b
frame_1416.jpg,7a
frame_0708.jpg,7a+
frame_1370.jpg,6b
frame_2679.jpg,6b+
frame_4208.jpg,6b
frame_3567.jpg,6a
frame_0046.jpg,5c
frame_1358.jpg,7c
frame_2651.jpg,6c+
frame_4220.jpg,7b
frame_2889.jpg,6c
frame_3229.jpg,6a+
frame_4546.jpg,6c+
frame_2137.jpg,6a
frame_0720.jpg,7b
frame_0734.jpg,7a
frame_4552.jpg,6b+
frame_2123.jpg,7b
frame_2645.jpg,4b
frame_4234.jpg,6a
frame_0052.jpg,6b
frame_2876.jpg,4a
frame_0907.jpg,6c
frame_0913.jpg,6a+
frame_2862.jpg,6a
frame_2692.jpg,6c
frame_0085.jpg,5a
frame_4585.jpg,7b
frame_4591.jpg,7a
frame_0091.jpg,6b
frame_3598.jpg,6b
frame_2686.jpg,6a
frame_0974.jpg,7a
frame_2805.jpg,5c
frame_2811.jpg,7b
frame_0960.jpg,7a+
frame_3299.jpg,7b+
frame_2187.jpg,6a+
frame_0948.jpg,7b
frame_0790.jpg,7c
frame_4290.jpg,7a+
frame_2839.jpg,7b
frame_4284.jpg,5c
frame_0784.jpg,6a+
frame_2193.jpg,7b
frame_2178.jpg,5c
frame_3266.jpg,6c+
frame_4509.jpg,7b
frame_1471.jpg,5b
frame_1317.jpg,4a
frame_0009.jpg,6c+
frame_3500.jpg,6a
frame_3514.jpg,6a
frame_1303.jpg,7a+
frame_1465.jpg,6b
frame_3272.jpg,6a+
frame_0753.jpg,7b
frame_2144.jpg,7a
frame_4535.jpg,6b
frame_4253.jpg,6a
frame_2622.jpg,7b
frame_0035.jpg,7a+
frame_0021.jpg,7a
frame_4247.jpg,7a+
frame_3528.jpg,6b+
frame_2636.jpg,6c+
frame_2150.jpg,6c
frame_4521.jpg,7c+
frame_0747.jpg,6a+
frame_1459.jpg,7a+
frame_3919.jpg,7a
frame_1868.jpg,5c
frame_4092.jpg,6c
frame_3925.jpg,7b
frame_0592.jpg,8c
frame_1854.jpg,7a
frame_2385.jpg,7a
frame_2391.jpg,5a
frame_0586.jpg,4b
frame_1840.jpg,6a
frame_1698.jpg,5b
frame_4086.jpg,5c
frame_3931.jpg,7b+
frame_3702.jpg,7a+
frame_1115.jpg,6a+
frame_1673.jpg,5b
frame_3064.jpg,7a+
frame_3070.jpg,6b
frame_1667.jpg,6c
frame_0579.jpg,6a+
frame_1101.jpg,6c+
frame_2408.jpg,7b
frame_3716.jpg,7b
frame_4079.jpg,7a+
frame_0237.jpg,7a+
frame_1129.jpg,6a
frame_2420.jpg,6a+
frame_4051.jpg,8b
frame_4737.jpg,6c
frame_3058.jpg,8a
frame_2346.jpg,7c+
frame_0551.jpg,7a
frame_1897.jpg,8a
frame_0545.jpg,7b+
frame_1883.jpg,5c
frame_4723.jpg,4a
frame_2352.jpg,8a
frame_2434.jpg,6b+
frame_4045.jpg,7a
frame_0223.jpg,7a
frame_1908.jpg,7c
frame_3879.jpg,6a
frame_2597.jpg,7a+
frame_3851.jpg,7c+
frame_3689.jpg,6c
frame_0380.jpg,6c+
frame_1920.jpg,5a
frame_4680.jpg,6b
frame_4694.jpg,7a
frame_1934.jpg,6a+
frame_0394.jpg,8c
frame_2583.jpg,6a
frame_3845.jpg,7b
frame_4119.jpg,6b+
frame_3676.jpg,6a
frame_2568.jpg,7c+
frame_1061.jpg,4c
frame_0419.jpg,7b
frame_1707.jpg,7c+
frame_3110.jpg,7b
frame_3104.jpg,7a
frame_1713.jpg,7a+
frame_1075.jpg,7a
frame_3662.jpg,6a
frame_0343.jpg,6c
frame_4125.jpg,8a
frame_2554.jpg,6b+
frame_3892.jpg,7a
frame_2232.jpg,6c
frame_4643.jpg,6c+
frame_0425.jpg,7a
frame_0431.jpg,4b
frame_2226.jpg,7a
frame_3138.jpg,4a
frame_4657.jpg,6b
frame_4131.jpg,7b
frame_2540.jpg,7a
frame_3886.jpg,7a+
frame_1049.jpg,7c
frame_0357.jpg,6b
frame_0800.jpg,6b+
frame_2971.jpg,6a+
frame_2965.jpg,6c+
frame_0814.jpg,7a
frame_4482.jpg,6c+
frame_0182.jpg,6b+
frame_2795.jpg,6c
frame_2959.jpg,8a
frame_2781.jpg,7a+
frame_1288.jpg,6a+
frame_0196.jpg,7b
frame_0828.jpg,7a+
frame_4496.jpg,7a+
frame_3312.jpg,6c
frame_1505.jpg,7c+
frame_1263.jpg,6c+
frame_3474.jpg,7a
frame_3460.jpg,7a
frame_0169.jpg,6a
frame_1277.jpg,7a
frame_1511.jpg,6c
frame_4469.jpg,6b
frame_3306.jpg,7a+
frame_2018.jpg,6a+
frame_1539.jpg,6b
frame_0627.jpg,7c
frame_4441.jpg,7b
frame_2030.jpg,6a+
frame_2756.jpg,7b+
frame_3448.jpg,7a
frame_4327.jpg,7b
frame_0141.jpg,7b
frame_0155.jpg,6c
frame_2742.jpg,6c+
frame_4333.jpg,6b
frame_4455.jpg,7a
frame_2024.jpg,7a
frame_0633.jpg,4b
frame_4332.jpg,7a+
frame_2743.jpg,7a
frame_0154.jpg,6b
frame_0632.jpg,7b
frame_2025.jpg,6a
frame_4454.jpg,7c
frame_2031.jpg,6a
frame_4440.jpg,7b+
frame_0626.jpg,6a+
frame_1538.jpg,6c
frame_0140.jpg,4b
frame_4326.jpg,7b
frame_3449.jpg,7a
frame_2757.jpg,7b+
frame_1276.jpg,4c
frame_0168.jpg,6c+
frame_3461.jpg,6a
frame_2019.jpg,8c
frame_3307.jpg,6c+
frame_4468.jpg,6c+
frame_1510.jpg,5c
frame_1504.jpg,6b
frame_3313.jpg,7c
frame_3475.jpg,6c+
frame_1262.jpg,7b
frame_0197.jpg,7c
frame_1289.jpg,5b
frame_2780.jpg,6b+
frame_2958.jpg,7b+
frame_4497.jpg,7a+
frame_0829.jpg,6c+
frame_4483.jpg,7b
frame_2794.jpg,7b
frame_0183.jpg,7b
frame_2964.jpg,7a
frame_0815.jpg,7a
frame_0801.jpg,5a
frame_2970.jpg,7b
frame_4656.jpg,5a
frame_3139.jpg,6c
frame_2227.jpg,7c
frame_0430.jpg,4a
frame_0356.jpg,4b
frame_1048.jpg,5c
frame_3887.jpg,6b
frame_2541.jpg,7b
frame_4130.jpg,6b+
frame_3893.jpg,6a
frame_2555.jpg,7a+
frame_4124.jpg,7a
frame_0342.jpg,7b
frame_0424.jpg,7c
frame_4642.jpg,6b
frame_2233.jpg,6c
frame_1712.jpg,7c
frame_3105.jpg,7b+
frame_3663.jpg,5c
frame_1074.jpg,5b
frame_1060.jpg,7b+
frame_2569.jpg,7c
frame_3677.jpg,6b
frame_4118.jpg,7b
frame_3111.jpg,6c+
frame_1706.jpg,6a
frame_0418.jpg,7b
frame_1935.jpg,6b
frame_4695.jpg,6a+
frame_3844.jpg,7a
frame_2582.jpg,6b
frame_0395.jpg,6b
frame_0381.jpg,6a
frame_3688.jpg,6b+
frame_3850.jpg,7b
frame_2596.jpg,6c
frame_4681.jpg,7a
frame_1921.jpg,6a+
frame_1909.jpg,6a
frame_3878.jpg,6c+
frame_2353.jpg,7b+
frame_4722.jpg,6a+
frame_1882.jpg,7c+
frame_0544.jpg,5a
frame_0222.jpg,7a+
frame_4044.jpg,6a
frame_2435.jpg,4b
frame_4050.jpg,6c+
frame_2421.jpg,7b
frame_1128.jpg,7a
frame_0236.jpg,6c
frame_1896.jpg,7a
frame_0550.jpg,7b
frame_2347.jpg,5b
frame_3059.jpg,7c
frame_4736.jpg,7b
frame_0578.jpg,7b
frame_1666.jpg,7a+
frame_3071.jpg,6a
frame_4078.jpg,4b
frame_3717.jpg,6a
frame_2409.jpg,7a
frame_1100.jpg,7c+
frame_1114.jpg,7b
frame_3703.jpg,6a
frame_3065.jpg,7a+
frame_1672.jpg,7a+
frame_1699.jpg,6c
frame_1841.jpg,6b+
frame_0587.jpg,5a
frame_2390.jpg,6a
frame_3930.jpg,7b
frame_4087.jpg,7a+
frame_3924.jpg,7b
frame_4093.jpg,6c+
frame_2384.jpg,5a
frame_1855.jpg,7c+
frame_0593.jpg,7a
frame_3918.jpg,7a
frame_1869.jpg,6b
frame_2637.jpg,4b
frame_3529.jpg,7b
frame_4246.jpg,7a
frame_0020.jpg,5a
frame_1458.jpg,7b
frame_0746.jpg,6a
frame_4520.jpg,6a
frame_2151.jpg,7b+
frame_4534.jpg,6b+
frame_2145.jpg,6a
frame_0752.jpg,7a
frame_0034.jpg,6c
frame_2623.jpg,6a+
frame_4252.jpg,6a
frame_1302.jpg,6a
frame_3515.jpg,7b
frame_3273.jpg,5a
frame_1464.jpg,7a
frame_1470.jpg,7a
frame_4508.jpg,7b
frame_3267.jpg,6b
frame_2179.jpg,6a
frame_3501.jpg,7c
frame_0008.jpg,6c+
frame_1316.jpg,6b
frame_4285.jpg,7a
frame_2192.jpg,7a
frame_0785.jpg,6b
frame_0791.jpg,6a
frame_0949.jpg,7a+
frame_2186.jpg,7a
frame_3298.jpg,7a
frame_2838.jpg,8c
frame_4291.jpg,6c+
frame_2810.jpg,7a
frame_0961.jpg,6c+
frame_0975.jpg,6b+
frame_2804.jpg,7a+
frame_0963.jpg,4c
frame_2812.jpg,4c
frame_2806.jpg,6c+
frame_0977.jpg,6c
frame_1499.jpg,6b+
frame_0787.jpg,4c
frame_2190.jpg,7b
frame_4287.jpg,7a+
frame_4293.jpg,6a
frame_2184.jpg,6c
frame_0793.jpg,4a
frame_0778.jpg,7c
frame_1466.jpg,6c+
frame_3271.jpg,7b
frame_4278.jpg,6c+
frame_3517.jpg,7a+
frame_2609.jpg,6a
frame_1300.jpg,6c
frame_1314.jpg,6c
frame_3503.jpg,6b+
frame_3265.jpg,6c
frame_1472.jpg,7a
frame_2153.jpg,6b
frame_4522.jpg,6b
frame_0744.jpg,7a
frame_0022.jpg,6a
frame_4244.jpg,7a
frame_2635.jpg,7a
frame_4250.jpg,6b
frame_2621.jpg,6c
frame_1328.jpg,7a
frame_0036.jpg,5b
frame_0750.jpg,6c
frame_0988.jpg,6a
frame_2147.jpg,4c
frame_3259.jpg,7a+
frame_4536.jpg,6c+
frame_4085.jpg,8b
frame_3932.jpg,6c
frame_2392.jpg,6b
frame_0585.jpg,7a+
frame_1843.jpg,7a+
frame_0591.jpg,6b+
frame_1857.jpg,8b
frame_2386.jpg,6b
frame_3098.jpg,7a+
frame_4091.jpg,5b
frame_3926.jpg,6a+
frame_1102.jpg,6b+
frame_3715.jpg,5a
frame_3073.jpg,7a+
frame_1664.jpg,7a+
frame_1670.jpg,6a
frame_4708.jpg,7a+
frame_3067.jpg,5a
frame_2379.jpg,6a+
frame_3701.jpg,7a+
frame_0208.jpg,7a+
frame_1116.jpg,7c
frame_2437.jpg,8a
frame_3729.jpg,6c
frame_4046.jpg,6b+
frame_0220.jpg,7b
frame_1658.jpg,7b
frame_0546.jpg,7a
frame_1880.jpg,7a
frame_4720.jpg,7a
frame_2351.jpg,7a
frame_4734.jpg,7a
frame_2345.jpg,6a
frame_0552.jpg,5b
frame_1894.jpg,7a
frame_0234.jpg,8b
frame_2423.jpg,6b+
frame_4052.jpg,6b
frame_0397.jpg,4b
frame_1089.jpg,6a
frame_2580.jpg,6a
frame_3846.jpg,7b
frame_4697.jpg,7c+
frame_1937.jpg,6c
frame_1923.jpg,7c
frame_4683.jpg,7b+
frame_2594.jpg,7a
frame_3852.jpg,7b
frame_0383.jpg,6b
frame_1076.jpg,5c
frame_0368.jpg,6c+
frame_3661.jpg,8a
frame_2219.jpg,7a
frame_3107.jpg,6a
frame_4668.jpg,6a
frame_1710.jpg,7c
frame_1704.jpg,6b+
frame_3113.jpg,7a+
frame_3675.jpg,8c
frame_1062.jpg,7c
frame_4132.jpg,6c
frame_2543.jpg,6a
frame_3885.jpg,7c
frame_0354.jpg,6a+
frame_0432.jpg,6b
frame_2225.jpg,7a
frame_4654.jpg,6c
frame_2231.jpg,6c+
frame_4640.jpg,8c
frame_0426.jpg,6b
frame_1738.jpg,6c+
frame_0340.jpg,6b
frame_4126.jpg,7b+
frame_3649.jpg,7a
frame_2557.jpg,7b
frame_3891.jpg,6b
frame_0817.jpg,6b
frame_2966.jpg,6c+
frame_2972.jpg,6a+
frame_0803.jpg,5b
frame_4495.jpg,6a
frame_2782.jpg,6a
frame_0195.jpg,7a
frame_0181.jpg,6b
frame_3488.jpg,7a+
frame_2796.jpg,7a+
frame_4481.jpg,7a+
frame_1512.jpg,6c+
frame_3305.jpg,6c
frame_3463.jpg,6c
frame_1274.jpg,7a
frame_1260.jpg,6a
frame_2769.jpg,6b+
frame_3477.jpg,6b
frame_4318.jpg,7a
frame_3311.jpg,6c+
frame_1506.jpg,6b+
frame_0618.jpg,8a
frame_4456.jpg,7b
frame_3339.jpg,6b
frame_2027.jpg,5a
frame_0630.jpg,7c
frame_0156.jpg,5c
frame_1248.jpg,7b+
frame_2741.jpg,5a
frame_2999.jpg,7a
frame_4330.jpg,7c
frame_2755.jpg,7a
frame_4324.jpg,4b
frame_0142.jpg,7a
frame_0624.jpg,6b
frame_4442.jpg,6c
frame_2033.jpg,7b
frame_0143.jpg,5c
frame_4325.jpg,6c
frame_2754.jpg,7b
frame_2032.jpg,6b+
frame_4443.jpg,6a+
frame_0625.jpg,7a+
frame_0631.jpg,6c
frame_2026.jpg,4b
frame_3338.jpg,6c
frame_4457.jpg,7a+
frame_4331.jpg,7a+
frame_2998.jpg,7c
frame_2740.jpg,7a
frame_1249.jpg,6c
frame_0157.jpg,7b
frame_4319.jpg,6a
frame_3476.jpg,6c
frame_2768.jpg,6c
frame_1261.jpg,5b
frame_0619.jpg,6a
frame_1507.jpg,6a
frame_3310.jpg,7a
frame_3304.jpg,6c
frame_1513.jpg,7a
frame_1275.jpg,7a
frame_3462.jpg,4b
frame_2797.jpg,7b
frame_3489.jpg,6c+
frame_0180.jpg,4b
frame_4480.jpg,7c
frame_4494.jpg,6b
frame_0194.jpg,5c
frame_2783.jpg,7c
frame_2973.jpg,7c
frame_0802.jpg,7a
frame_0816.jpg,7c
frame_2967.jpg,7b
frame_1739.jpg,7b
frame_0427.jpg,6b
frame_4641.jpg,6c
frame_2230.jpg,6b
frame_3890.jpg,7c+
frame_2556.jpg,7b
frame_3648.jpg,7c
frame_4127.jpg,6c
frame_0341.jpg,7a
frame_0355.jpg,7b
frame_3884.jpg,6b+
frame_2542.jpg,7a+
frame_4133.jpg,7a+
frame_4655.jpg,7c+
frame_2224.jpg,6c
frame_0433.jpg,5c
frame_3112.jpg,7a+
frame_1705.jpg,5c
frame_1063.jpg,6c
frame_3674.jpg,6c+
frame_3660.jpg,6a
frame_0369.jpg,7b
frame_1077.jpg,6a
frame_1711.jpg,7a
frame_4669.jpg,7a
frame_3106.jpg,6c
frame_2218.jpg,6a
frame_4682.jpg,5c
frame_1922.jpg,4c
frame_0382.jpg,5c
frame_3853.jpg,6a
frame_2595.jpg,6c+
frame_3847.jpg,6a
frame_2581.jpg,6a
frame_1088.jpg,6a
frame_0396.jpg,5b
frame_1936.jpg,6b
frame_4696.jpg,7a+
frame_1895.jpg,7b+
frame_0553.jpg,4c
frame_2344.jpg,4a
frame_4735.jpg,7c+
frame_4053.jpg,6a
frame_2422.jpg,5c
frame_0235.jpg,4a
frame_0221.jpg,6c
frame_4047.jpg,8b+
frame_3728.jpg,6b
frame_2436.jpg,7b
frame_2350.jpg,7c
frame_4721.jpg,6b
frame_1881.jpg,6a+
frame_0547.jpg,7b
frame_1659.jpg,5a
frame_2378.jpg,6c
frame_3066.jpg,6b+
frame_4709.jpg,8a
frame_1671.jpg,6a+
frame_1117.jpg,6b+
frame_0209.jpg,6c
frame_3700.jpg,6c+
frame_3714.jpg,6a
frame_1103.jpg,8b
frame_1665.jpg,7b+
frame_3072.jpg,6a
frame_3099.jpg,6c
frame_2387.jpg,7a+
frame_1856.jpg,6b
frame_0590.jpg,7a
frame_3927.jpg,6a
frame_4090.jpg,7b
frame_3933.jpg,7b+
frame_4084.jpg,7c
frame_1842.jpg,7c
frame_0584.jpg,6b+
frame_2393.jpg,7c
frame_0037.jpg,6c
frame_1329.jpg,6b+
frame_2620.jpg,6b+
frame_4251.jpg,6c+
frame_4537.jpg,4c
frame_3258.jpg,6a
frame_2146.jpg,6a
frame_0989.jpg,4c
frame_0751.jpg,6c
frame_0745.jpg,7a+
frame_4523.jpg,6a
frame_2152.jpg,7a
frame_2634.jpg,7b+
frame_4245.jpg,7a
frame_0023.jpg,7b
frame_3502.jpg,5b
frame_1315.jpg,5c
frame_1473.jpg,4b
frame_3264.jpg,7b
frame_3270.jpg,7a
frame_1467.jpg,6a
frame_0779.jpg,7a+
frame_1301.jpg,7b+
frame_2608.jpg,7a
frame_3516.jpg,7c+
frame_4279.jpg,7a
frame_4292.jpg,7b
frame_0792.jpg,6c+
frame_2185.jpg,7a
frame_2191.jpg,7c+
frame_0786.jpg,7c+
frame_1498.jpg,7a
frame_4286.jpg,7a
frame_2807.jpg,6b
frame_0976.jpg,6b+
frame_0962.jpg,6c
frame_2813.jpg,7a
frame_4282.jpg,6c+
frame_0782.jpg,5c
frame_2195.jpg,6c
frame_2181.jpg,5c
frame_1488.jpg,5c
frame_0796.jpg,5a
frame_4296.jpg,5c
frame_2817.jpg,6a
frame_0966.jpg,4c
frame_0972.jpg,7b
frame_2803.jpg,7a
frame_1339.jpg,7a
frame_0027.jpg,7a
frame_4241.jpg,7a
frame_2630.jpg,7a
frame_2156.jpg,6b
frame_4527.jpg,5b
frame_3248.jpg,6b
frame_0741.jpg,6c+
frame_0999.jpg,7b+
frame_0755.jpg,7c
frame_2142.jpg,7c
frame_4533.jpg,5c
frame_4255.jpg,6a+
frame_2624.jpg,6a
frame_0033.jpg,6b
frame_3512.jpg,7a
frame_1305.jpg,7a
frame_1463.jpg,7c
frame_3274.jpg,7a+
frame_3260.jpg,7a
frame_0769.jpg,5a
frame_1477.jpg,6c
frame_1311.jpg,7a
frame_3506.jpg,6c
frame_4269.jpg,7b
frame_2618.jpg,7a
frame_2397.jpg,5c
frame_3089.jpg,7c
frame_1846.jpg,7c+
frame_0580.jpg,6a+
frame_4080.jpg,6b+
frame_3937.jpg,7a
frame_4094.jpg,7c
frame_3923.jpg,7a
frame_1852.jpg,7b
frame_0594.jpg,6c
frame_2383.jpg,6b
frame_1885.jpg,7c+
frame_0543.jpg,6a
frame_4725.jpg,6a
frame_2354.jpg,6a
frame_2432.jpg,7a
frame_4043.jpg,7c+
frame_0225.jpg,5a
frame_0231.jpg,6b
frame_2426.jpg,6c+
frame_4057.jpg,6c+
frame_3738.jpg,4c
frame_4731.jpg,7b+
frame_2340.jpg,4a
frame_1649.jpg,7a
frame_1891.jpg,6b+
frame_0557.jpg,5c
frame_3076.jpg,6c+
frame_4719.jpg,4a
frame_2368.jpg,7c+
frame_1661.jpg,4b
frame_0219.jpg,7b
frame_1107.jpg,6b+
frame_3710.jpg,7a
frame_3704.jpg,6a
frame_1113.jpg,6a
frame_1675.jpg,7b
frame_3062.jpg,8a+
frame_4692.jpg,6c+
frame_1932.jpg,4c
frame_0392.jpg,5b
frame_3843.jpg,6c
frame_2585.jpg,7a
frame_3857.jpg,7c+
frame_2591.jpg,6c+
frame_0386.jpg,4b
frame_1098.jpg,7a
frame_1926.jpg,7c
frame_4686.jpg,7a+
frame_0437.jpg,6c
frame_1729.jpg,8c
frame_2220.jpg,5b
frame_4651.jpg,7b+
frame_3658.jpg,7b
frame_4137.jpg,5c
frame_3880.jpg,4b
frame_2546.jpg,7a
frame_0351.jpg,6a
frame_0345.jpg,5c
frame_4123.jpg,6b
frame_3894.jpg,6c
frame_2552.jpg,6a+
frame_2234.jpg,6a
frame_4645.jpg,7b
frame_0423.jpg,7b
frame_3102.jpg,6a
frame_1715.jpg,7b+
frame_1073.jpg,8a+
frame_3664.jpg,6a+
frame_3670.jpg,8c
frame_1067.jpg,6b
frame_0379.jpg,6b
frame_1701.jpg,6a
frame_2208.jpg,6a
frame_4679.jpg,6b
frame_3116.jpg,6b+
frame_3499.jpg,7b+
frame_2787.jpg,6b+
frame_0190.jpg,7a+
frame_4490.jpg,7b+
frame_4484.jpg,6c+
frame_0184.jpg,6a
frame_2793.jpg,7a
frame_2963.jpg,6c+
frame_0812.jpg,6b+
frame_0806.jpg,6a
frame_2977.jpg,6b
frame_0153.jpg,6a+
frame_2744.jpg,7a+
frame_4335.jpg,7b
frame_4453.jpg,6a
frame_2022.jpg,6c
frame_0635.jpg,6c+
frame_0621.jpg,6a
frame_3328.jpg,5c
frame_4447.jpg,6a
frame_2036.jpg,6c
frame_2750.jpg,6b
frame_2988.jpg,7a+
frame_4321.jpg,7a
frame_0147.jpg,7a
frame_1259.jpg,6a+
frame_2778.jpg,6a+
frame_4309.jpg,6a
frame_3466.jpg,6c
frame_1271.jpg,6b
frame_1517.jpg,6c
frame_0609.jpg,4c
frame_3300.jpg,7c
frame_3314.jpg,7a+
frame_1503.jpg,6b
frame_1265.jpg,6a
frame_3472.jpg,6c
frame_1502.jpg,8a
frame_3315.jpg,6b+
frame_3473.jpg,6c
frame_1264.jpg,5b
frame_1270.jpg,7c
frame_3467.jpg,7a
frame_4308.jpg,7a
frame_2779.jpg,7c+
frame_3301.jpg,7b
frame_0608.jpg,4b
frame_1516.jpg,7a+
frame_2037.jpg,7a
frame_4446.jpg,5c
frame_3329.jpg,5c
frame_0620.jpg,7c+
frame_1258.jpg,7b+
frame_0146.jpg,6c
frame_4320.jpg,7b+
frame_2989.jpg,5c
frame_2751.jpg,7a+
frame_4334.jpg,7a+
frame_2745.jpg,7a+
frame_0152.jpg,7a+
frame_0634.jpg,6a+
frame_2023.jpg,6b+
frame_4452.jpg,6c
frame_0807.jpg,7a
frame_2976.jpg,7a
frame_2962.jpg,4b
frame_0813.jpg,5a
frame_4485.jpg,6a
frame_2792.jpg,7a
frame_0185.jpg,6b
frame_0191.jpg,7a
frame_2786.jpg,7a
frame_3498.jpg,6c+
frame_4491.jpg,6b
frame_0378.jpg,7b
frame_1066.jpg,7a+
frame_3671.jpg,4a
frame_3117.jpg,6a
frame_4678.jpg,4c
frame_2209.jpg,7c
frame_1700.jpg,7a+
frame_1714.jpg,6a
frame_3103.jpg,7a+
frame_3665.jpg,7a
frame_1072.jpg,7b
frame_2553.jpg,7a
frame_3895.jpg,6b+
frame_4122.jpg,6b
frame_0344.jpg,7b
frame_0422.jpg,8a
frame_4644.jpg,7b
frame_2235.jpg,6a+
frame_4650.jpg,6a
frame_2221.jpg,7b+
frame_1728.jpg,5a
frame_0436.jpg,7a
frame_0350.jpg,7a
frame_2547.jpg,7a
frame_3881.jpg,6a+
frame_4136.jpg,5a
frame_3659.jpg,6a+
frame_1099.jpg,8a
frame_0387.jpg,7a+
frame_2590.jpg,6c
frame_3856.jpg,6a
frame_4687.jpg,7a
frame_1927.jpg,7a+
frame_1933.jpg,8c
frame_4693.jpg,5c
frame_2584.jpg,7a
frame_3842.jpg,7a+
frame_0393.jpg,7a+
frame_1112.jpg,6b+
frame_3705.jpg,4a
frame_3063.jpg,4b
frame_1674.jpg,7a+
frame_1660.jpg,7a
frame_2369.jpg,7b+
frame_4718.jpg,7a
frame_3077.jpg,6a+
frame_3711.jpg,6a
frame_1106.jpg,6c
frame_0218.jpg,6c
frame_3739.jpg,5b
frame_4056.jpg,7a
frame_2427.jpg,7a
frame_0230.jpg,7a
frame_0556.jpg,7b
frame_1890.jpg,7a+
frame_1648.jpg,7a
frame_2341.jpg,6b
frame_4730.jpg,6b
frame_2355.jpg,7a+
frame_4724.jpg,7b
frame_0542.jpg,6c+
frame_1884.jpg,7a
frame_0224.jpg,6c
frame_4042.jpg,4c
frame_2433.jpg,6b
frame_3922.jpg,7a
frame_4095.jpg,8a
frame_2382.jpg,8c
frame_0595.jpg,6c
frame_1853.jpg,6c
frame_0581.jpg,7a
frame_1847.jpg,4c
frame_3088.jpg,6b+
frame_2396.jpg,6b
frame_3936.jpg,7a+
frame_4081.jpg,7a
frame_1476.jpg,6a+
frame_0768.jpg,4b
frame_3261.jpg,6c+
frame_2619.jpg,4c
frame_4268.jpg,7a
frame_3507.jpg,7a+
frame_1310.jpg,6c+
frame_1304.jpg,5a
frame_3513.jpg,6c
frame_3275.jpg,7a+
frame_1462.jpg,7b
frame_4532.jpg,7b
frame_2143.jpg,6a
frame_0754.jpg,6b+
frame_0032.jpg,7b
frame_2625.jpg,6c
frame_4254.jpg,6a+
frame_2631.jpg,5c
frame_4240.jpg,7a
frame_0026.jpg,6a
frame_1338.jpg,7b
frame_0998.jpg,6a
frame_0740.jpg,6a
frame_3249.jpg,7c+
frame_4526.jpg,7b+
frame_2157.jpg,7a
frame_0973.jpg,6a
frame_2802.jpg,6a
frame_2816.jpg,6c
frame_0967.jpg,6c+
frame_0797.jpg,7a
frame_1489.jpg,7a+
frame_2180.jpg,4b
frame_4297.jpg,6a+
frame_4283.jpg,6a+
frame_2194.jpg,7b
frame_0783.jpg,7a+
frame_4295.jpg,7a
frame_2182.jpg,4a
frame_0795.jpg,6c+
frame_0959.jpg,6b
frame_0781.jpg,7b
frame_3288.jpg,7a
frame_2196.jpg,5c
frame_4281.jpg,7a
frame_2828.jpg,7b
frame_2800.jpg,6b+
frame_0971.jpg,6a
frame_0965.jpg,7b+
frame_2814.jpg,6c
frame_3539.jpg,7a+
frame_4256.jpg,6a+
frame_2627.jpg,7a
frame_0030.jpg,6c
frame_0756.jpg,6b
frame_1448.jpg,6c+
frame_2141.jpg,7a
frame_4530.jpg,6c+
frame_2155.jpg,7b+
frame_4524.jpg,6c+
frame_0742.jpg,7a+
frame_0024.jpg,5c
frame_4242.jpg,7a
frame_2633.jpg,8a
frame_1312.jpg,6b
frame_3505.jpg,6a+
frame_3263.jpg,7a+
frame_1474.jpg,7a
frame_1460.jpg,7a
frame_2169.jpg,6a
frame_4518.jpg,6c
frame_3277.jpg,5c
frame_3511.jpg,7b
frame_1306.jpg,6c
frame_0018.jpg,6b
frame_1851.jpg,6b
frame_0597.jpg,6a+
frame_1689.jpg,6c
frame_2380.jpg,7a+
frame_4097.jpg,6b
frame_3920.jpg,6a
frame_4083.jpg,6c
frame_3934.jpg,6a+
frame_2394.jpg,6b
frame_1845.jpg,6a+
frame_0583.jpg,7b
frame_3908.jpg,5b
frame_1879.jpg,6c
frame_4732.jpg,6b+
frame_2343.jpg,6a+
frame_1892.jpg,6a
frame_0554.jpg,6b
frame_0232.jpg,7a
frame_2425.jpg,6b
frame_4054.jpg,7a
frame_2431.jpg,6b+
frame_4040.jpg,6b+
frame_0226.jpg,6b
frame_1138.jpg,7a+
frame_1886.jpg,6a
frame_0540.jpg,7c+
frame_3049.jpg,5a
frame_4726.jpg,6b
frame_2357.jpg,6c
frame_1676.jpg,7b+
frame_0568.jpg,7a
frame_3061.jpg,6a+
frame_2419.jpg,7c+
frame_4068.jpg,5b
frame_3707.jpg,7a
frame_1110.jpg,6c
frame_1104.jpg,6b
frame_3713.jpg,6b+
frame_3075.jpg,6a
frame_1662.jpg,7a
frame_1925.jpg,7a
frame_4685.jpg,4b
frame_3854.jpg,6b+
frame_2592.jpg,7a
frame_0385.jpg,4a
frame_0391.jpg,6c
frame_3840.jpg,7b
frame_2586.jpg,6a+
frame_3698.jpg,6b
frame_4691.jpg,7b+
frame_1931.jpg,7c+
frame_1919.jpg,4b
frame_3868.jpg,6b
frame_2237.jpg,4b
frame_4646.jpg,5b
frame_3129.jpg,6a
frame_0420.jpg,6b+
frame_1058.jpg,7b
frame_0346.jpg,6c
frame_4120.jpg,6c
frame_3897.jpg,7b
frame_2551.jpg,5b
frame_4134.jpg,7a+
frame_3883.jpg,6a
frame_2545.jpg,6a
frame_0352.jpg,6b+
frame_0434.jpg,5b
frame_2223.jpg,6c+
frame_4652.jpg,5c
frame_1702.jpg,6b+
frame_3115.jpg,7a
frame_3673.jpg,7c
frame_1064.jpg,7a
frame_1070.jpg,7c+
frame_3667.jpg,7b
frame_4108.jpg,7a+
frame_2579.jpg,6b
frame_3101.jpg,7c
frame_0408.jpg,7a+
frame_1716.jpg,5c
frame_1299.jpg,6a+
frame_0187.jpg,4a
frame_2948.jpg,6b+
frame_2790.jpg,7a+
frame_4487.jpg,7a
frame_0839.jpg,6b
frame_4493.jpg,6c
frame_2784.jpg,7a
frame_0193.jpg,7a+
frame_2974.jpg,6a
frame_0805.jpg,6b
frame_0811.jpg,4a
frame_2960.jpg,6c+
frame_2753.jpg,7a
frame_4322.jpg,6c
frame_0144.jpg,6a
frame_0622.jpg,4a
frame_4444.jpg,6c+
frame_2035.jpg,5b
frame_4450.jpg,6b
frame_2021.jpg,6b+
frame_1528.jpg,6b+
frame_0636.jpg,5c
frame_0150.jpg,5b
frame_2747.jpg,6a+
frame_4336.jpg,7c
frame_3459.jpg,6a+
frame_0178.jpg,5c
frame_1266.jpg,7a+
frame_3471.jpg,7a
frame_3317.jpg,4b
frame_4478.jpg,7b+
frame_2009.jpg,6c
frame_1500.jpg,6a+
frame_1514.jpg,4b
frame_3303.jpg,7b
frame_3465.jpg,5b
frame_1272.jpg,7b
frame_3302.jpg,5a
frame_1515.jpg,6b
frame_1273.jpg,4b
frame_3464.jpg,6b+
frame_3470.jpg,7b
frame_1267.jpg,6c+
frame_0179.jpg,6c
frame_1501.jpg,5b
frame_2008.jpg,4b
frame_4479.jpg,7a
frame_3316.jpg,7c+
frame_0637.jpg,5c
frame_1529.jpg,7a
frame_2020.jpg,6c
frame_4451.jpg,7a
frame_3458.jpg,7b
frame_4337.jpg,7a
frame_2746.jpg,7a+
frame_0151.jpg,7b
frame_0145.jpg,7b
frame_4323.jpg,6b+
frame_2752.jpg,7a+
frame_2034.jpg,6c
frame_4445.jpg,7a+
frame_0623.jpg,6c
frame_0810.jpg,4b
frame_2961.jpg,7a
frame_2975.jpg,6b
frame_0804.jpg,7b
frame_4492.jpg,7a+
frame_0192.jpg,6c
frame_2785.jpg,7a+
frame_2791.jpg,7b
frame_2949.jpg,6b
frame_0186.jpg,6a
frame_1298.jpg,7a
frame_0838.jpg,6c
frame_4486.jpg,7a+
frame_2578.jpg,6a
frame_4109.jpg,7b+
frame_3666.jpg,7b
frame_1071.jpg,6c
frame_1717.jpg,6c
frame_0409.jpg,6c
frame_3100.jpg,7c
frame_3114.jpg,5b
frame_1703.jpg,7a+
frame_1065.jpg,6b
frame_3672.jpg,4a
frame_0353.jpg,6b
frame_2544.jpg,6a+
frame_3882.jpg,6a+
frame_4135.jpg,7b
frame_4653.jpg,6b
frame_2222.jpg,6c
frame_0435.jpg,7c
frame_0421.jpg,6b
frame_3128.jpg,7a
frame_4647.jpg,4b
frame_2236.jpg,7b+
frame_2550.jpg,5c
frame_3896.jpg,7a
frame_4121.jpg,6a
frame_0347.jpg,7a+
frame_1059.jpg,7a
frame_1918.jpg,5c
frame_3869.jpg,7b+
frame_3699.jpg,7b
frame_2587.jpg,6a
frame_3841.jpg,6a+
frame_0390.jpg,5a
frame_1930.jpg,6b+
frame_4690.jpg,6c+
frame_4684.jpg,6b
frame_1924.jpg,6b+
frame_0384.jpg,8a
frame_2593.jpg,6a
frame_3855.jpg,5c
frame_3712.jpg,6c+
frame_1105.jpg,7a
frame_1663.jpg,8c
frame_3074.jpg,7b+
frame_3060.jpg,7b+
frame_0569.jpg,6c
frame_1677.jpg,6c
frame_1111.jpg,4b
frame_3706.jpg,6c
frame_4069.jpg,5c
frame_2418.jpg,6b
frame_1139.jpg,7c
frame_0227.jpg,7a
frame_4041.jpg,7c
frame_2430.jpg,7b+
frame_2356.jpg,6a+
frame_4727.jpg,7a
frame_3048.jpg,7a+
frame_0541.jpg,6a+
frame_1887.jpg,7b
frame_0555.jpg,7a
frame_1893.jpg,7a+
frame_2342.jpg,6b
frame_4733.jpg,6a+
frame_4055.jpg,6b
frame_2424.jpg,6a+
frame_0233.jpg,7b
frame_3909.jpg,7a+
frame_1878.jpg,5b
frame_3935.jpg,7c
frame_4082.jpg,6a+
frame_0582.jpg,7a+
frame_1844.jpg,7c
frame_2395.jpg,7b
frame_2381.jpg,6b
frame_1688.jpg,7b
frame_0596.jpg,7a+
frame_1850.jpg,7b
frame_3921.jpg,6b+
frame_4096.jpg,7c+
frame_3276.jpg,6b+
frame_4519.jpg,7a+
frame_2168.jpg,7a
frame_1461.jpg,7c+
frame_0019.jpg,6b
frame_1307.jpg,6c
frame_3510.jpg,6b+
frame_3504.jpg,6a
frame_1313.jpg,6b
frame_1475.jpg,6c
frame_3262.jpg,7a
frame_0743.jpg,8b
frame_4525.jpg,6c
frame_2154.jpg,7a
frame_2632.jpg,6b+
frame_4243.jpg,7a
frame_0025.jpg,6a+
frame_0031.jpg,7a
frame_2626.jpg,6a
frame_4257.jpg,6a+
frame_3538.jpg,7a+
frame_4531.jpg,6a
frame_2140.jpg,4b
frame_1449.jpg,6c
frame_0757.jpg,7a
frame_0964.jpg,6c
frame_2815.jpg,7a+
frame_2801.jpg,6a+
frame_0970.jpg,5c
frame_2197.jpg,7b+
frame_3289.jpg,7a+
frame_0780.jpg,7a+
frame_0958.jpg,6a
frame_2829.jpg,7a
frame_4280.jpg,7c+
frame_4294.jpg,7a+
frame_0794.jpg,6a
frame_2183.jpg,6b
